{"type": "FeatureCollection", "features": [{"type": "Feature", "properties": {"disco_name": "AEDC", "color": "#1565C0", "states_covered": ["FCT", "Niger", "Nasarawa", "Kogi"]}, "geometry": {"type": "MultiPolygon", "coordinates": [[[[7.671111106692251, 7.982657909235172], [7.666298474694884, 7.948968470818329], [7.664317608171132, 7.935101986067878], [7.663638114607352, 7.905889033751976], [7.669752598004038, 7.884828567984073], [7.692851066923254, 7.838631152605672], [7.693428473045628, 7.837876091708324], [7.728178500837203, 7.79243421566656], [7.744690417828565, 7.768656730723592], [7.750169633621738, 7.751789612100993], [7.752635479343951, 7.744198798935486], [7.752635479343951, 7.708192348098407], [7.753994464672871, 7.679658890245662], [7.754673958236651, 7.661315917595573], [7.754673958236651, 7.647728443912627], [7.752448082213277, 7.647782803433699], [7.752448081313958, 7.63973120463146], [7.741043157016122, 7.638731556915843], [7.732554110883541, 7.63901335498241], [7.72425571113223, 7.620496190846552], [7.72625829898135, 7.614466453264242], [7.731815974327787, 7.612703556324107], [7.736204634436376, 7.59938117220338], [7.73683764384225, 7.59178648206057], [7.736877437044143, 7.585272450563195], [7.736676998844473, 7.578185916047232], [7.737766889930072, 7.567204043631762], [7.737407710597438, 7.539083313444223], [7.755783081324182, 7.530394076425523], [7.75529839260679, 7.523608621440758], [7.754532336598118, 7.512884140390838], [7.755366324696183, 7.504962921701519], [7.758578387382727, 7.492455959175231], [7.759535313703793, 7.478698253721461], [7.760786058429915, 7.451600075183364], [7.762257662261334, 7.443689723002365], [7.76412105574218, 7.433673383419944], [7.768290042951151, 7.427002906758787], [7.776211261640469, 7.419498920438855], [7.792887211375728, 7.414913176601885], [7.79218887971308, 7.409864057979917], [7.799378785003, 7.401134003431537], [7.800116631977005, 7.391777473052002], [7.798397097647978, 7.385245592709964], [7.797122582041595, 7.375952186644156], [7.802608319718217, 7.36428830705978], [7.79834450979132, 7.357083184341548], [7.795781469839028, 7.351883594752167], [7.793923432720305, 7.348114149348589], [7.789914392635183, 7.341627846647839], [7.771496977703407, 7.307134217370276], [7.770320768788508, 7.304931315427893], [7.76869506882241, 7.301886573406705], [7.779129505022695, 7.300683022403632], [7.789968967094183, 7.296514034295285], [7.797056197685436, 7.293595314272409], [7.801155285088385, 7.292601656041654], [7.795867408154436, 7.274342614420163], [7.794219444571752, 7.268652196441735], [7.797056197685436, 7.233145237163001], [7.79386520431575, 7.225825309690322], [7.789968967094183, 7.216886044055741], [7.784870359679417, 7.214988727247999], [7.779389874043488, 7.208916560550904], [7.767755885225995, 7.206273519607294], [7.749927141324576, 7.199318096353124], [7.729324444867302, 7.192704225719467], [7.721550695208464, 7.187063131058721], [7.718049202808515, 7.183600029817569], [7.710073687550675, 7.183112262720783], [7.702966018966663, 7.188963582903057], [7.691022244281214, 7.191829895833052], [7.68192339305017, 7.185449448733095], [7.672369009122519, 7.173702678635777], [7.643081219722546, 7.158281663567948], [7.635451450623975, 7.147128481993889], [7.637383938118319, 7.132672786619878], [7.636146141831034, 7.131366167015017], [7.633314346679811, 7.128376921257939], [7.629879950899067, 7.124751567930559], [7.621958733109068, 7.112661838672977], [7.618623733998163, 7.10807561909462], [7.614485809372638, 7.103708161402551], [7.611119270138261, 7.100154877945329], [7.601947784262904, 7.09056615790189], [7.599446296609358, 7.079309940101723], [7.600697041335422, 7.073056220967885], [7.602364539991584, 7.062216758896341], [7.603615282919009, 7.053045273920304], [7.60695028292929, 7.041371822851374], [7.609868526311516, 7.032200336076698], [7.611119270138261, 7.027197360769605], [7.610285758680845, 7.023445129289314], [7.607784271027356, 7.017608643424182], [7.605874447347901, 7.01725054327801], [7.601113796164782, 7.016357899597438], [7.5931925765762, 7.018025874894249], [7.580685615848552, 7.027197360769605], [7.543581963336976, 7.04012107812531], [7.530513762700025, 7.032278060883868], [7.525667191187949, 7.03591299109172], [7.52045028155527, 7.043136646139374], [7.515426636230302, 7.050092698019625], [7.503140083148367, 7.067438239782973], [7.502034664368296, 7.068998814443773], [7.491006374344749, 7.073725224839279], [7.482519749187134, 7.081943080408905], [7.476502513080561, 7.085084059781593], [7.470174015318605, 7.086845855951537], [7.470391429121207, 7.093908550339393], [7.464718951718282, 7.089233786210286], [7.461025000803204, 7.092657023203117], [7.460406832909086, 7.093152731313523], [7.45741783266692, 7.095913224615686], [7.450195548186059, 7.096775329118202], [7.44240098911439, 7.095924712555473], [7.438572892624961, 7.097500203371737], [7.435867421644218, 7.097751331858547], [7.435529141656616, 7.097818853857063], [7.434791030281872, 7.098300914755441], [7.434342149870361, 7.099216944406521], [7.432811494754731, 7.100650985354719], [7.431851734669863, 7.101550166207232], [7.429739491584314, 7.10105855720667], [7.428604684758454, 7.101102801153388], [7.426079204092048, 7.100797490312004], [7.424506464301942, 7.100304050291754], [7.416672343154175, 7.097431603086079], [7.406904343260862, 7.095738329860069], [7.404244084796744, 7.09527717729992], [7.400589888412696, 7.094882213943094], [7.396608086993695, 7.093645673109393], [7.394412447976151, 7.092895961379554], [7.386762054725068, 7.086116196405385], [7.387945211802105, 7.081626180004264], [7.388467202599372, 7.075623130702979], [7.388468404992921, 7.075609309022468], [7.388920729807865, 7.07040743965166], [7.3893856999901, 7.065060139114166], [7.385903452182617, 7.05519341794195], [7.384659289594595, 7.05166816815148], [7.379182339193619, 7.047325591103174], [7.370479583565952, 7.041427134754485], [7.366837025308541, 7.039865971937104], [7.353936672339614, 7.034337520959866], [7.35248484010333, 7.033782392843193], [7.351371635892349, 7.033356743718798], [7.327153206155572, 7.024096489361568], [7.316390393302072, 7.010501446984222], [7.312185764161711, 7.005190372038101], [7.31014394788491, 7.003999710118592], [7.29327964773762, 6.994162083813194], [7.257830620087077, 6.980770111051811], [7.25603732786044, 6.979791018240974], [7.243817079094981, 6.972814497790864], [7.24128818460207, 6.971317291160119], [7.238136767697711, 6.957925320197432], [7.238924502763666, 6.941382408071718], [7.235174501601989, 6.933351681634861], [7.232916608814492, 6.929730423820047], [7.228156576364938, 6.929007028951276], [7.217777169680687, 6.92533943266875], [7.215421347017582, 6.915456644208803], [7.210115060961357, 6.903500398624544], [7.202820903561872, 6.902305179840198], [7.187720775593391, 6.901206970025669], [7.18229529519175, 6.899036864559719], [7.175904273863182, 6.896480559630163], [7.173163106092545, 6.890642854284351], [7.171997536157392, 6.887652226269267], [7.170144404840471, 6.883862673823387], [7.156210423272455, 6.883088588667476], [7.152271747942848, 6.875998973973537], [7.146757603380763, 6.864182472243328], [7.134153365685336, 6.854729652351637], [7.119973659656694, 6.848427296082889], [7.112884044962755, 6.837399006059343], [7.101067543232602, 6.828733443693523], [7.093190192573388, 6.819280623801774], [7.081373691742556, 6.800374508277002], [7.07428407704856, 6.798799038145148], [7.060104370120655, 6.794860362815541], [7.055377959725092, 6.786194801349041], [7.043778623584672, 6.783465643124998], [7.041985988762406, 6.783043861085389], [7.030169963672961, 6.785407066283142], [7.020716667140505, 6.789345740713429], [7.004961490980065, 6.785407066283142], [6.999981550008556, 6.785407066283142], [6.990782260692811, 6.785407066283142], [6.986094808928328, 6.788585116609909], [6.985336650765873, 6.798799038145148], [6.987000849809419, 6.806676387905043], [6.98772943196775, 6.812959028336536], [6.989994525626912, 6.823219299131381], [6.989994525626912, 6.833460330729736], [6.986843108722553, 6.844488620753282], [6.97817802389676, 6.850002767114063], [6.963210582802219, 6.844488620753282], [6.960817336650791, 6.840898991195559], [6.952182292778616, 6.827945710426263], [6.952399185873787, 6.808094117849294], [6.944765314967356, 6.798650740839093], [6.940231086095821, 6.795191243181364], [6.938751379372718, 6.793959241226048], [6.938666511250517, 6.793889166951544], [6.93747160273233, 6.79287895669853], [6.935456249006734, 6.79117503639884], [6.935199810023278, 6.790957083902356], [6.929928002175586, 6.786487314837757], [6.928535909204868, 6.787141381869333], [6.92543492718022, 6.792541439335992], [6.923388003653486, 6.801978111001063], [6.912057400228889, 6.800670623550502], [6.896804810193885, 6.792390822678385], [6.888475964793997, 6.778761588076861], [6.884820938335679, 6.772780418381672], [6.88307762143512, 6.768422604119905], [6.87828397772347, 6.760578156057079], [6.868260859950794, 6.755348681996111], [6.860965587392002, 6.753429071894175], [6.859981059977997, 6.753170013185581], [6.85300826991579, 6.744453907122193], [6.842113495041815, 6.730508803638429], [6.833833694169698, 6.722229003665632], [6.819452763034633, 6.712641716242274], [6.806379317551489, 6.70305442791954], [6.800278187288541, 6.693467139596862], [6.79897069893866, 6.679522037911795], [6.800714015839219, 6.669934749589061], [6.802893162189719, 6.656425475555295], [6.803105456151911, 6.654514635641988], [6.805071831000248, 6.636815071258582], [6.808993815812016, 6.615897178611931], [6.808993815812016, 6.598030090316456], [6.808571363777446, 6.589365769914423], [6.808122635351367, 6.580162525380274], [6.793305873867041, 6.572318553958155], [6.764108181247593, 6.56360292363604], [6.715736329268225, 6.560348269956762], [6.672033235745289, 6.5675242519427], [6.661695818407338, 6.557928405671419], [6.661944865862893, 6.572853565139951], [6.659196425274843, 6.607753262603012], [6.652776241630306, 6.634282111830032], [6.651162008020322, 6.636912787994845], [6.634967302598966, 6.663304901599986], [6.628021717028673, 6.67462348918275], [6.617936134145339, 6.704879283652076], [6.621603489409551, 6.722299098624546], [6.626187802425193, 6.731467723756509], [6.628021717028673, 6.74888753872898], [6.631689072292886, 6.769058228754318], [6.629514216607845, 6.775506973068389], [6.627364158828925, 6.78195095097567], [6.623548984697948, 6.790752888335192], [6.623610019886542, 6.793598175115733], [6.623661041124194, 6.79599618857327], [6.620317936423703, 6.80012798341977], [6.617597103223773, 6.806581020197996], [6.615943909184125, 6.809521198044877], [6.613770007679761, 6.814801215803527], [6.610790253367554, 6.822104931197657], [6.614145278581816, 6.830828668008678], [6.614261130147099, 6.830994158553608], [6.621633530363169, 6.841525555160274], [6.628012272348542, 6.853751951691265], [6.634469985601413, 6.866129399252429], [6.646236896915298, 6.885384561448404], [6.652655602074447, 6.907848358115302], [6.661895925656495, 6.920493103973627], [6.672980309094044, 6.93566131601699], [6.679398536713165, 6.96882247917415], [6.679260254257372, 6.972002506210742], [6.678454189209504, 6.990536681922379], [6.678328514349516, 6.993426323266249], [6.677258967727255, 7.008402348389723], [6.677258967727255, 7.0340757373055], [6.683835505704053, 7.051613808630407], [6.690095424764081, 7.068306922826253], [6.710595181222686, 7.103155778916118], [6.711490154147327, 7.104677200692322], [6.714948703919617, 7.117647627036433], [6.715768814579178, 7.120723248179388], [6.715768813679858, 7.122821331439354], [6.715768813679858, 7.135699272403542], [6.711490154147327, 7.148535727641786], [6.707211017974146, 7.159233093232729], [6.703430176361621, 7.170575618969679], [6.700792788556384, 7.178488255428704], [6.699958250073223, 7.185859474834956], [6.693305016113641, 7.216476058423382], [6.69015741323409, 7.219050979319263], [6.685336431930864, 7.223010159191517], [6.683232783666085, 7.229867076104711], [6.678113937008618, 7.231113051726027], [6.674722195173217, 7.232915018813117], [6.669155121012068, 7.239996051276819], [6.645201093755531, 7.281267399570879], [6.637670039640682, 7.294242953849277], [6.632309913871495, 7.292330837797977], [6.601942990176894, 7.283839002867751], [6.569521904312467, 7.275294782428318], [6.556313038016356, 7.274819851355119], [6.547352468341785, 7.274893585870359], [6.544260025379913, 7.274919033086974], [6.537356852736593, 7.273808956718028], [6.529881000807563, 7.272704124295956], [6.525847912850963, 7.271571159281621], [6.51488494868147, 7.266996861116297], [6.511441232327059, 7.26702499370856], [6.508032799973762, 7.269968033198211], [6.508111954702997, 7.276380061790462], [6.505900682770346, 7.281003712051699], [6.503621101033048, 7.284576893009273], [6.501359939209863, 7.287509917648606], [6.499695778837179, 7.292187215167871], [6.49976015140993, 7.297431947126711], [6.499228954252885, 7.300933837926323], [6.499845981806686, 7.30442714829428], [6.499925137435184, 7.310838222705854], [6.499133368909895, 7.314526884708016], [6.498295784422965, 7.3184289927039], [6.49889898310164, 7.320755959719804], [6.499508858347156, 7.323666096613124], [6.499551773095902, 7.32716322010657], [6.497326851253206, 7.33301019656335], [6.494472027162374, 7.334198952819463], [6.492205142953026, 7.336550235704863], [6.48878908165085, 7.338909149337837], [6.485763073407156, 7.341996192770125], [6.480867862961532, 7.348299979860258], [6.477480888432297, 7.35299205773731], [6.475794791796261, 7.355919838429827], [6.472981930072081, 7.360606193920773], [6.470372200017039, 7.363700868100636], [6.466869830778137, 7.36531877544121], [6.463261126599775, 7.363599778007369], [6.459781170264819, 7.360713959681561], [6.45515298831981, 7.357837200226641], [6.450531959582293, 7.355543136706444], [6.442511081621149, 7.35677385263125], [6.438507080437432, 7.357973098579691], [6.435657977833444, 7.359745025612483], [6.434604168447663, 7.367331981585721], [6.434676169969293, 7.373159885220559], [6.434144020430267, 7.376661776919491], [6.432457923794175, 7.379590988433392], [6.426746844791126, 7.381968020707632], [6.423353194594313, 7.386075973627328], [6.422241210763332, 7.388999939395717], [6.432106018178217, 7.397664070040832], [6.432164191724098, 7.402327061145002], [6.427671908132083, 7.410523890565173], [6.428203108886407, 7.415325460901329], [6.423872950576254, 7.417540847232374], [6.379771711895046, 7.398233711416708], [6.376930716679283, 7.400588809226235], [6.366591619407757, 7.408387560037909], [6.361469912006896, 7.411926646797383], [6.356912778302103, 7.414877315235969], [6.295480889731323, 7.499175627852992], [6.292051954634076, 7.500369628955241], [6.288040800242811, 7.500985703227684], [6.281152887295946, 7.501041969311473], [6.27659606925323, 7.495697021400474], [6.274837970196188, 7.492795944277475], [6.273073196370945, 7.489314078681844], [6.271889209219694, 7.486409186634717], [6.270139216651557, 7.484090805446385], [6.267814157997066, 7.481779099026255], [6.263773916832861, 7.480062961436545], [6.259168146892534, 7.478933810447018], [6.255716799790548, 7.47838020308393], [6.252840042134267, 7.477819920053321], [6.244790077400182, 7.476719856736054], [6.23788690475692, 7.475611209389854], [6.233273983407685, 7.473898887623591], [6.226923943285385, 7.47103691122453], [6.225323200405398, 7.468395709394542], [6.223393916296232, 7.464070796829844], [6.221047878257025, 7.460009097841635], [6.219553444236112, 7.457786794824756], [6.208865165395139, 7.449615954912417], [6.204569649869484, 7.447791824932835], [6.200786113888114, 7.446185110554438], [6.193274021079276, 7.442165852372227], [6.189808845102164, 7.440444945677768], [6.188060473112387, 7.439402265402293], [6.186916827749428, 7.438720226757084], [6.186306953403232, 7.435811044044499], [6.186272144244128, 7.432896137147054], [6.182785033802304, 7.429427147145191], [6.179922104121829, 7.430033206567259], [6.175953865378631, 7.434145927692441], [6.174274921050824, 7.437656879161693], [6.173170090427391, 7.441164018404777], [6.170909881885564, 7.444097042144847], [6.166899204135007, 7.444713116417233], [6.165590895603373, 7.445391780806062], [6.164813663719656, 7.445794958570502], [6.163733627405009, 7.44635521102424], [6.159730580402027, 7.447554456972682], [6.154571677940623, 7.448179591015389], [6.150613116801935, 7.44865688820488], [6.14743280378093, 7.448952198585118], [6.142848015023901, 7.44957208598305], [6.138235091876027, 7.447861195038172], [6.133061886596863, 7.447319984829505], [6.127882003851425, 7.446197032866849], [6.12555753874949, 7.446215738765375], [6.120639522396118, 7.446255318827923], [6.118698119922328, 7.446270942749834], [6.112411976631449, 7.448655128231621], [6.110681955308053, 7.453675055759277], [6.11014980397033, 7.457177425897555], [6.109633867409116, 7.461844231026475], [6.110279980836481, 7.467668319737243], [6.108738898981073, 7.476665020574274], [6.108796120144859, 7.481328010779123], [6.108257771578963, 7.484245776621322], [6.108881949642296, 7.488321781125364], [6.108335972127463, 7.490657806112893], [6.110102176774092, 7.494141101630589], [6.112432956915484, 7.497035979726718], [6.114750862362484, 7.498765945292178], [6.118216991620898, 7.500486851087373], [6.122255801963718, 7.502202987777707], [6.12572097794083, 7.503922937593529], [6.128605842985337, 7.505064963277505], [6.131496906157338, 7.506791114818157], [6.135550976196669, 7.509672164938536], [6.137860775154707, 7.51081895882794], [6.142488956200395, 7.513696194923511], [6.146535873032178, 7.515995024850554], [6.150588988890775, 7.518876075870253], [6.154077052613957, 7.522345066771436], [6.155834198389584, 7.525245189713758], [6.158284188164828, 7.528297900627649], [6.162255764292127, 7.533936977209805], [6.16460180323071, 7.538271777820341], [6.165800094099097, 7.542341585096096], [6.166571833823127, 7.544235035718373], [6.166984081250405, 7.54524647714328], [6.165878772187625, 7.548480033626674], [6.164177895193745, 7.550241947607844], [6.160735130322053, 7.550271034380785], [6.155569077351061, 7.550312995848117], [6.15327978113703, 7.550914763705407], [6.149836062983979, 7.550942898096309], [6.146391869988861, 7.550971030688572], [6.14294815093649, 7.550999165079475], [6.142863539121095, 7.550989119652172], [6.138349055764365, 7.550453186665266], [6.133570670849849, 7.552076817291322], [6.132105730095418, 7.556333994718102], [6.130442058054598, 7.561010701382827], [6.129910893273177, 7.564511798980391], [6.128799031749963, 7.567436340314885], [6.125701417686344, 7.575399873005779], [6.123775959293141, 7.57913494092486], [6.122677803437909, 7.583224773404595], [6.118761062573014, 7.59141683641792], [6.098731040904852, 7.588197231117363], [6.069608927310185, 7.583516249075672], [6.048503875853214, 7.580123900197862], [6.043387889939197, 7.577459812420443], [6.04048299879139, 7.574569224989773], [6.03586196915461, 7.572275162368896], [6.032956122926805, 7.569384098297519], [6.028888225811045, 7.565337180566473], [6.02654886164072, 7.561859130794289], [6.025364876288052, 7.558952807925778], [6.024734019859181, 7.554296016747799], [6.022953986337427, 7.549645901237398], [6.023499010570902, 7.547309875350493], [6.021168232228206, 7.544414997254364], [6.017077922208387, 7.538619041135917], [6.012996197116877, 7.53340578095208], [6.010501537116284, 7.532275426669628], [6.004125594720449, 7.529235839562375], [6.004090308920695, 7.535572052608188], [6.001267909886167, 7.54294347795917], [6.000304699102628, 7.549401282942881], [5.998419762362175, 7.554931164741504], [5.996539116287238, 7.559537411322538], [5.990930079759437, 7.567816734654627], [5.987190722973537, 7.573336124062905], [5.984383106095493, 7.577937603337773], [5.981575966757532, 7.582538605072614], [5.978763580774682, 7.588063240226404], [5.975945949945697, 7.594511032158437], [5.972216606211475, 7.59818410890955], [5.969409465974138, 7.602785587285098], [5.968466759733246, 7.605549811874369], [5.964732646894163, 7.610146046303043], [5.960998534954456, 7.614742278933079], [5.957258700628586, 7.620261669240676], [5.954456328596734, 7.623939514197275], [5.947909354932847, 7.634060382880421], [5.94417524299314, 7.638656616409776], [5.940000534297269, 7.645110129828652], [5.937628268429876, 7.648777007552894], [5.936639785797524, 7.659852028148634], [5.935671329268473, 7.667233466551295], [5.933786391628701, 7.672763348349918], [5.931890964296599, 7.680139542805705], [5.92997503332117, 7.691209315857293], [5.929021834689991, 7.69582128482449], [5.927141666155023, 7.700427532304843], [5.923391818777475, 7.707793236168982], [5.922439098585585, 7.712404727596152], [5.921491145699861, 7.716093063144399], [5.922403336145123, 7.718868255865345], [5.923309802405527, 7.722566605364591], [5.925133228215941, 7.728116989007901], [5.926039695375664, 7.73181533760777], [5.92788410057085, 7.73367214175596], [5.92971801787229, 7.737376213641369], [5.930624485032013, 7.741074562241295], [5.930603979590046, 7.744768144434374], [5.92873907075159, 7.746604443140598], [5.921306610211957, 7.749332904390087], [5.919446945320317, 7.750246048116651], [5.914815902631858, 7.749297142848889], [5.908330917437922, 7.748338222730865], [5.903699875648783, 7.747388839923076], [5.898147106104091, 7.745511532131559], [5.889812945710901, 7.74361848800288], [5.886396417660592, 7.742137800119451], [5.8833379735687, 7.740812301946221], [5.876858234120277, 7.738929749308511], [5.87038326287734, 7.736124038993239], [5.86483001669194, 7.734246254561072], [5.857433318592825, 7.730512141721988], [5.850026130801325, 7.728624344238142], [5.842608452418176, 7.728582859411461], [5.837035179230213, 7.730399132014384], [5.83238935528459, 7.732220172822792], [5.827743052899621, 7.734040736990494], [5.822185040307431, 7.733086586876539], [5.819413663409875, 7.731224536982836], [5.816439152145222, 7.727849007225927], [5.801024436828357, 7.733303547420803], [5.780241965894049, 7.745772839145275], [5.773028373360773, 7.747318744964161], [5.791615485866032, 7.782068728688898], [5.767953873172758, 7.787636280390075], [5.755774975234942, 7.795639514552022], [5.750408833001302, 7.800813942909201], [5.746031761556594, 7.80503463843786], [5.741160393037774, 7.812342166957478], [5.737289428564338, 7.821079254204278], [5.728981495099958, 7.828348637080012], [5.710191250026242, 7.830088139056443], [5.688617229101908, 7.829740524105944], [5.668435097002146, 7.829044341822964], [5.658838748909204, 7.827678204185816], [5.658533185358294, 7.827769885571797], [5.658213346868536, 7.827865851327999], [5.656604289756217, 7.828348637080012], [5.642685889841971, 7.828696252030454], [5.630506991904213, 7.834959984215971], [5.623199463384594, 7.842963219277181], [5.621937975357298, 7.846116970821583], [5.614152431089849, 7.865581037434993], [5.612412453372087, 7.87636804564886], [5.610941377442657, 7.889607909777283], [5.608584881187369, 7.910816669253904], [5.604061604259698, 7.926475047785289], [5.60197353405141, 7.942829608599595], [5.59884166840834, 7.951876639994964], [5.59884166840834, 7.958487988030299], [5.60162544335958, 7.963707447240949], [5.609628676622151, 7.966143608141067], [5.614152431089849, 7.962316035956349], [5.627027034669936, 7.957096100104991], [5.634334564088931, 7.958487988030299], [5.638304508846034, 7.960100819597187], [5.645469665692588, 7.963011741598621], [5.647209166769699, 7.966143608141067], [5.647557259260168, 7.974146843202277], [5.647557259260168, 7.986158371911358], [5.649573326148129, 7.987886429115463], [5.650732993832662, 7.990740775666325], [5.656952381347367, 7.994328976201359], [5.663215636892176, 8.000244141054338], [5.668087482051703, 8.002331734621919], [5.667400178775267, 8.008515577332105], [5.667391299768724, 8.008595466807378], [5.662519932149223, 8.015206337302686], [5.656328200586017, 8.019577026258787], [5.650689124903238, 8.023557663055726], [5.6489491462861, 8.032605171091802], [5.647209166769699, 8.040956496844899], [5.64303350389315, 8.048263549623186], [5.639902114890731, 8.053831100424986], [5.64303350389315, 8.059050559635693], [5.64581728064303, 8.060790063410764], [5.653820514804977, 8.064270020644983], [5.659736156298607, 8.06983757144684], [5.656256676604414, 8.07470893906634], [5.6489491462861, 8.074360846575871], [5.643636226830438, 8.073967934572579], [5.639554024198901, 8.073665619372889], [5.624591351309846, 8.07262134639808], [5.599189758200851, 8.073665619372889], [5.576571940942358, 8.071229935113479], [5.572744369656959, 8.068446159262862], [5.559173584693212, 8.058006287560147], [5.55503177589577, 8.054554938659521], [5.553555819345661, 8.05332508608393], [5.550822258040796, 8.051047324574427], [5.545255183879704, 8.044088364286608], [5.537599563768879, 8.04060840615307], [5.5316843989159, 8.03504085535127], [5.52576875742227, 8.030865669115371], [5.516025542844602, 8.022166251771125], [5.508718490965634, 8.017642974843454], [5.505934715115075, 8.018686295436225], [5.503847122446814, 8.023557663055726], [5.504542828089086, 8.029473305448732], [5.505580902037025, 8.032327651999594], [5.507326603040326, 8.03712844801953], [5.507326603040326, 8.04547977377257], [5.510458469582773, 8.066705704005074], [5.512546062251033, 8.076796531734601], [5.513589858585135, 8.083756447102417], [5.512894153842183, 8.089672088596046], [5.513937950176285, 8.096631050682504], [5.514633655818614, 8.1049823764356], [5.514057098656224, 8.110173358613679], [5.513937950176285, 8.1112461104197], [5.507212373852042, 8.1112461104197], [5.506978512348496, 8.1112461104197], [5.497963905110169, 8.11066436776639], [5.497963905110169, 8.114674567976977], [5.504484652744566, 8.123804092385], [5.507666137582248, 8.125548658443904], [5.51796150262129, 8.131194114816594], [5.526221274692148, 8.139019966698129], [5.531981171593827, 8.145931336661931], [5.532742500765835, 8.146844864399043], [5.536654949166632, 8.15640926407633], [5.537089825335215, 8.16336441033934], [5.538393975401675, 8.178580284652469], [5.539698123669496, 8.190752983563414], [5.539698123669496, 8.19857788126427], [5.538627898958396, 8.20143207672902], [5.537089825335215, 8.205533981707958], [5.533718111401754, 8.2056890248287], [5.531550438601926, 8.20598983636188], [5.530082321442023, 8.205841431137173], [5.526947184964683, 8.206278589785143], [5.523607281850616, 8.20715812224961], [5.521495018080657, 8.208540802915763], [5.518614922141012, 8.210587638308937], [5.517146960563821, 8.211158421823768], [5.515320295395384, 8.211912034812599], [5.513922141893374, 8.212442063750302], [5.510251120093187, 8.20938186777903], [5.5103930196222, 8.208433556963143], [5.50947991636508, 8.208874392938924], [5.506642140722249, 8.210935859402412], [5.505948388407433, 8.2109104931248], [5.504000246414307, 8.212542852570664], [5.501329687115401, 8.215304261382585], [5.494920730607305, 8.214663506115983], [5.477531433229103, 8.205099106438638], [5.471879481952556, 8.204229355000791], [5.466228008216035, 8.202490807205038], [5.457533359976651, 8.206403732246486], [5.442317963203493, 8.218141555888167], [5.433027938588566, 8.223947131155228], [5.431884288729009, 8.224661827781176], [5.422319889051664, 8.22813987665404], [5.418842315920188, 8.235530853266312], [5.422319889051664, 8.251180649567345], [5.421885490423108, 8.261614798883897], [5.419711589818064, 8.267701148789058], [5.421450615153788, 8.273787497794842], [5.418407439751604, 8.283785820359356], [5.404496193044906, 8.292045593329533], [5.397105693972662, 8.292045593329533], [5.387541294295318, 8.283350945090092], [5.38102054666092, 8.278134345723515], [5.372325898421536, 8.274221419782748], [5.362761496945552, 8.273352623424898], [5.356675147939768, 8.274656296850651], [5.353197575707611, 8.286828994862276], [5.352762698639651, 8.298131943234637], [5.353197575707611, 8.305522919846908], [5.353197575707611, 8.309869765976941], [5.347546101071771, 8.315521240612838], [5.343198775603071, 8.321607591417262], [5.33580827743009, 8.32856369006231], [5.332330226758586, 8.33117198929591], [5.324504852417078, 8.333780289428887], [5.32349300359931, 8.337099074662603], [5.321502686100132, 8.341078758178185], [5.322829723013342, 8.344395637748505], [5.327473163755542, 8.349039077591385], [5.330789565785892, 8.355672836732083], [5.341900826362121, 8.375241279561465], [5.347705363811542, 8.382704735235393], [5.359313964767694, 8.395142555184805], [5.372581004609742, 8.409238814919433], [5.380872725995573, 8.420846939234934], [5.396627426414625, 8.438260077640507], [5.412382125934414, 8.452356339173775], [5.433111668168976, 8.466452598908347], [5.446378708011025, 8.479719162109689], [5.453513621556453, 8.486290931881058], [5.465723514628564, 8.492395401326746], [5.476577282215828, 8.499857903719317], [5.490143777413437, 8.518173217719891], [5.49624919924122, 8.529026031126477], [5.503032207170691, 8.534453392010505], [5.510494232023234, 8.5351314547529], [5.51456403660103, 8.5351314547529], [5.513207436274229, 8.538522719947593], [5.524109840097083, 8.53693008355657], [5.5338692667533, 8.530423163897922], [5.544442176964935, 8.52310371396527], [5.554202080261859, 8.512530327112927], [5.574534416230392, 8.506024360735694], [5.588360310080304, 8.497077941893565], [5.599746703847359, 8.488945008405437], [5.64285183004796, 8.462919235434413], [5.643391529395615, 8.462805619583719], [5.658304212569419, 8.459666251796136], [5.688176632345744, 8.452851294551635], [5.704662323307616, 8.445839882204837], [5.712057110347416, 8.444607658116979], [5.719302177353654, 8.443400383021299], [5.748580933063636, 8.437706946918127], [5.76647329320798, 8.432826996169013], [5.782739640422108, 8.427947043621202], [5.790872573910178, 8.427134514246461], [5.805511951315566, 8.425507545336984], [5.81852483735139, 8.427134514246461], [5.829097747563026, 8.426321030691042], [5.849430084430878, 8.422254561698708], [5.865695953205716, 8.423068047052766], [5.88358879089003, 8.423068047052766], [5.897414683840623, 8.423068047052766], [5.912054062145273, 8.423880577326827], [5.925066948181154, 8.418188095404332], [5.942959784966149, 8.41249465930116], [5.944966126585541, 8.411904554751459], [5.956785678816061, 8.408428192107408], [5.978744984593391, 8.405175209368451], [5.990944386174533, 8.401922225730175], [6.013716697967311, 8.400295257720018], [6.020223140985195, 8.3978557594358], [6.040555953594435, 8.392975806888046], [6.060074806007549, 8.393788338061427], [6.077967643691863, 8.3978557594358], [6.081615495358847, 8.400895387012554], [6.082657814106881, 8.401763916271761], [6.097486972745628, 8.414121628210637], [6.11131286569622, 8.431200981440213], [6.113124846734365, 8.441468239068001], [6.113752842419785, 8.445026397750098], [6.113752842419785, 8.461293220705613], [6.117005825158742, 8.483251572302265], [6.119445800982987, 8.510904312384184], [6.123512268176682, 8.538556099184689], [6.12513923618684, 8.555635452414265], [6.133272170574287, 8.56783485399535], [6.139778613592171, 8.580847740930551], [6.147911548878938, 8.596301079431328], [6.154417991896878, 8.61744689895528], [6.162550926284268, 8.637779235823132], [6.16987037711624, 8.662991524339418], [6.18369674670754, 8.686576843046907], [6.208536148424571, 8.732375145596563], [6.203216075761361, 8.734561919996679], [6.192743552373088, 8.731705727137637], [6.185323238077046, 8.729681969247508], [6.169057369302209, 8.721549033960798], [6.149538039349068, 8.72073555040538], [6.144658088599954, 8.729681969247508], [6.131645202564073, 8.751641273226255], [6.127210834412551, 8.75333048601317], [6.114566325975204, 8.758147239603488], [6.084474086709804, 8.760587692068384], [6.058448314638042, 8.758960724058227], [6.033236026121756, 8.758960724058227], [5.999890804117342, 8.751641273226255], [5.978744983694071, 8.75001430611536], [5.974678515601056, 8.756521224874689], [5.943772792780237, 8.748388289587922], [5.928320407560818, 8.742694856182709], [5.901481151933638, 8.75001430611536], [5.886841773628987, 8.746761321577765], [5.864882946291004, 8.745134353567607], [5.862526552558393, 8.744992993631797], [5.824217795914592, 8.742694856182709], [5.795752048018642, 8.74188137082865], [5.77460622759537, 8.753267287954998], [5.760780333745458, 8.773600579003585], [5.742074490045752, 8.797999382165813], [5.728248118655813, 8.819958687043822], [5.712795734335714, 8.828905105885951], [5.693461937218672, 8.828161329681677], [5.691649913912443, 8.828091622330533], [5.682428372671325, 8.828955993124623], [5.665624141840738, 8.830531119715431], [5.662152422396446, 8.831249427119417], [5.642038344693901, 8.835411073162561], [5.619266032901123, 8.85249042459344], [5.60543966330988, 8.86794280981286], [5.601373196116128, 8.876889228655045], [5.589989841158285, 8.883069069382088], [5.572907924860885, 8.892342567155822], [5.5661626039211, 8.896839008313634], [5.563148021564018, 8.898848534432375], [5.548557480043712, 8.912223611630395], [5.543629169150904, 8.91674137121737], [5.539562701957152, 8.930567740808613], [5.52541780508767, 8.940100669610274], [5.511850834148731, 8.944170951728097], [5.497605799568021, 8.944170951728097], [5.485395431653899, 8.944849013571172], [5.473863602223503, 8.947562217822167], [5.46640205401161, 8.954345703291608], [5.460975169768346, 8.962486266627934], [5.457583427033569, 8.96859073607368], [5.445373534860778, 8.972661018191502], [5.436554908782057, 8.97537422244244], [5.425023079351661, 8.978766440918548], [5.408064842318652, 8.978766440918548], [5.391106128644992, 8.982835769755013], [5.375504493737424, 8.990297317966906], [5.37007761039348, 8.996402739794632], [5.348370551859546, 8.998437881303232], [5.332090377568932, 8.995724677951557], [5.323272228130861, 8.99233245767681], [5.307670114784003, 9.000473021912455], [5.297495365019131, 9.00318622616345], [5.28664159833113, 9.009969710733628], [5.272396562851156, 9.014718055593846], [5.254759788233685, 9.016753197102389], [5.237801074559968, 9.018788337711669], [5.225591183286554, 9.026927947766637], [5.208971977175054, 9.035068512002283], [5.196761608361612, 9.054061889644515], [5.171663283733608, 9.087300300968138], [5.159452914920109, 9.10697269373486], [5.130962849356081, 9.123252868924794], [5.107899188696649, 9.135462761097585], [5.106612539437208, 9.136295274307486], [5.084835528936537, 9.150385856622052], [5.068102545995771, 9.160772433600982], [5.065163611911203, 9.16259670297552], [5.048204899136806, 9.187694550063497], [5.032603263329975, 9.197870254908366], [5.016323089039361, 9.20533180222094], [4.996651172913346, 9.20736694283022], [4.987123280315188, 9.204791778218066], [4.971552849184718, 9.200583458260041], [4.962055682823575, 9.193121910048148], [4.941705703955108, 9.184303283070108], [4.923390388155951, 9.176162719733782], [4.91118049598316, 9.171414374873564], [4.898970127169662, 9.170058250288093], [4.886081695613825, 9.167345046936418], [4.876585005893332, 9.161239624209315], [4.876071453434861, 9.157646178828145], [4.871683120679506, 9.155138968788435], [4.865247250160508, 9.150311470098302], [4.857202052732589, 9.14870262072941], [4.848084449737598, 9.141194343744019], [4.828239917738074, 9.134222031221839], [4.819508033069326, 9.133082530834201], [4.818398916277033, 9.13239151695501], [4.816468696872903, 9.131866132116329], [4.815155235225973, 9.131622475197105], [4.813571465250959, 9.13170623175722], [4.812581610253176, 9.132067910305864], [4.812258002704709, 9.132943551403798], [4.811572718406296, 9.133533657752139], [4.809118542286967, 9.135055137084976], [4.807594258867994, 9.136369975593936], [4.805804903873252, 9.136366844154566], [4.800886631213132, 9.136366844154566], [4.785332679259795, 9.135293961047523], [4.772460937322421, 9.147629736723047], [4.768706321739387, 9.153530120318862], [4.764554977430294, 9.14993190763147], [4.751920699680568, 9.179856300128222], [4.751920699680568, 9.199497222918524], [4.757158279331179, 9.224376677741532], [4.754539488606554, 9.247945786169169], [4.737516879900113, 9.268896102972803], [4.722918563740791, 9.274573701115457], [4.713947295731145, 9.278062819743411], [4.685140131911623, 9.292466163782478], [4.639310360284924, 9.308178900935559], [4.617050171028609, 9.3304395677319], [4.609726906171829, 9.361758232256648], [4.578422546263539, 9.388053893572362], [4.501166820092749, 9.440430639762269], [4.489284952038929, 9.454742751177093], [4.444304787036344, 9.508922876389704], [4.44355201671226, 9.509829519816549], [4.387247085784452, 9.562206267805038], [4.350583553388333, 9.588395119339339], [4.282493590706679, 9.694458008430388], [4.268659402409526, 9.710438921618959], [4.26702318577145, 9.712329037555094], [4.258648058561107, 9.722003777752207], [4.209918020999908, 9.778295515625587], [4.206547260347861, 9.782189367845092], [4.171192646223687, 9.820162771794514], [4.152861117446662, 9.862063407200537], [4.143142663003516, 9.860983622696097], [4.141076086592193, 9.860754012287885], [4.127982140163681, 9.851588247899372], [4.118815898235141, 9.85551643263733], [4.122744082973099, 9.860754012287885], [4.124053477885752, 9.875158308709047], [4.114887714396559, 9.881705284171574], [4.095246314066173, 9.877777099433615], [4.095246314066173, 9.867301940132506], [4.083461759852355, 9.851588247899372], [4.080842970926426, 9.851588247899372], [4.07822418200044, 9.854207037724677], [4.070367334984553, 9.856825829348622], [4.057273386757458, 9.856825829348622], [4.052035808905487, 9.863373755394548], [4.038941383138365, 9.8646831503072], [4.027156829823866, 9.856825829348622], [4.021918772633285, 9.856825828449246], [4.020609378619952, 9.860754012287885], [4.01668119388205, 9.868611335045102], [4.012753009144092, 9.885633468010212], [4.011443614231439, 9.898727416237307], [4.002277849842926, 9.906583784813847], [3.994421004625735, 9.90003681114996], [3.985255240237223, 9.893489836586753], [3.982636212990883, 9.898727416237307], [3.980017424064897, 9.906583784813847], [3.967250585346278, 9.902983663765099], [3.962340355323192, 9.9078931797265], [3.95415639789951, 9.9078931797265], [3.945972443173787, 9.9078931797265], [3.936151980429599, 9.91607761289157], [3.934515236788798, 9.927535055798216], [3.942698955892126, 9.932445525040976], [3.959066868041589, 9.93408203036148], [3.960703610783071, 9.937355994283735], [3.96888732808776, 9.942265509345816], [3.970524071728562, 9.948813437190438], [3.965613840806157, 9.956996916174774], [3.959066868041589, 9.960269926815727], [3.949246166977048, 9.961907386316852], [3.941062211352005, 9.961907386316852], [3.934515236788798, 9.966817854660292], [3.934515236788798, 9.970090865301245], [3.936151980429599, 9.973364829223556], [3.941062211352005, 9.976637838965132], [3.952519654258708, 9.978275297566995], [3.95415639789951, 9.983184812629077], [3.949246166977048, 9.99136924579409], [3.934515236788798, 9.999552725677802], [3.921420811920996, 9.999552725677802], [3.919814263017884, 9.998175751209999], [3.909963607334646, 9.989732741372961], [3.887048720622033, 9.988095281871836], [3.887048720622033, 10.004463194920561], [3.890322207903637, 10.015920636927888], [3.903416395350405, 10.019194601749518], [3.89690091594457, 10.024895659607068], [3.890322207903637, 10.030652043756845], [3.882138251379274, 10.035562513898924], [3.872317553012692, 10.042109487562868], [3.864133833909364, 10.050292968345843], [3.855438451823147, 10.053553835441221], [3.851039647361858, 10.055203436689283], [3.833034990672331, 10.047019002624893], [3.823319196423824, 10.05430602840056], [3.818045616012398, 10.066830633826726], [3.799117086684248, 10.071198462039433], [3.796932934707229, 10.066102979768743], [3.794020890351874, 10.062462805614018], [3.784556388266765, 10.062462805614018], [3.780188320834384, 10.052269935409242], [3.784556388266765, 10.04571819084191], [3.78819656332081, 10.03843784073382], [3.78819656332081, 10.034069059239755], [3.783828495888429, 10.03115749242437], [3.775092125401329, 10.033341406980412], [3.772180080146654, 10.040621757088445], [3.771451949447965, 10.047174452239233], [3.76635575311559, 10.053726195007926], [3.761987685683209, 10.058822629660654], [3.757619380829794, 10.063190457873361], [3.750339030721761, 10.068286895224105], [3.7459709641887, 10.077023504031558], [3.743058919833345, 10.084303854139591], [3.735050439026566, 10.087943075912278], [3.734322548446926, 10.079935071746206], [3.736506700423945, 10.074838636194158], [3.736506700423945, 10.068286895224105], [3.730682371594241, 10.068286895224105], [3.715393780798365, 10.089399337309601], [3.714665650099732, 10.101776121171099], [3.71248173644301, 10.108327864839111], [3.709280156254238, 10.113816459661905], [3.684285566625647, 10.15666566039198], [3.683888435003325, 10.170555112928184], [3.680555341555817, 10.180831906967], [3.676666259340436, 10.183886526242247], [3.666944025946066, 10.188331601722098], [3.657221792551752, 10.192777632281945], [3.644166469307152, 10.199443814680365], [3.632593795367427, 10.213549144977094], [3.581943987624982, 10.27527618205022], [3.637221812736527, 10.41166495967019], [3.639999866200924, 10.41555404368421], [3.683888435003325, 10.4480552654382], [3.688888548667649, 10.449720380890938], [3.69527769041315, 10.450277325638126], [3.701388834627039, 10.44944381508003], [3.706388471650712, 10.447221753980784], [3.728332996170877, 10.433886525742594], [3.74055528459877, 10.425277707899966], [3.759166240829416, 10.414999006399057], [3.768610953332882, 10.410554884200621], [3.789443968864134, 10.402776717071902], [3.793611048611069, 10.405553817254884], [3.812777518767518, 10.44944381597935], [3.854999542195173, 10.584999083940602], [3.851448302896927, 10.640931197316945], [3.851233400001433, 10.644315603382438], [3.848790006753461, 10.68279892832794], [3.835555553845779, 10.70972061041789], [3.835160272128917, 10.70990668734379], [3.826110838644354, 10.714166640078417], [3.785555362390085, 10.756942746610491], [3.753888606274188, 10.794443128747446], [3.748610974416977, 10.803054808232844], [3.74583292005326, 10.820276258842341], [3.746666430611356, 10.826665877228493], [3.748888492609922, 10.831388471800608], [3.754999636823811, 10.839443204740178], [3.759444235663011, 10.847499846041103], [3.775277614170591, 10.89861106804642], [3.770033367845713, 10.919743774555627], [3.773171265241729, 10.920054040661512], [3.802273546986669, 10.946065857953045], [3.932783798133812, 10.943011363683524], [3.953140716171163, 10.965695467272042], [3.99297318606375, 11.016467241070359], [3.994495712207424, 11.016006014765821], [3.995854860313614, 11.016314394094081], [3.995927196383036, 11.017188132226579], [3.997200683165033, 11.017427981416233], [3.997976509408431, 11.017904808260369], [3.999410473014962, 11.017988176313338], [4.068354607279332, 11.021996496940858], [4.070556441726467, 11.022371533119781], [4.079165623794552, 11.023837923581368], [4.100380421319414, 11.026324271148269], [4.132406235359497, 11.025458336433132], [4.167028902961533, 11.024593352301395], [4.183958129664006, 11.024628479820535], [4.214904029697266, 11.022248879082554], [4.225431161718802, 11.019259859055296], [4.227380134685518, 11.019866431090975], [4.229376644016952, 11.020612980804458], [4.231230546952247, 11.021359528719302], [4.233749950899551, 11.02154616592287], [4.235223565615115, 11.021919439430633], [4.237838043191175, 11.022526007869033], [4.239834553421929, 11.023179232235805], [4.241545847263069, 11.023412527166442], [4.242876853783798, 11.023599162571372], [4.243922643914914, 11.024019091108244], [4.245206114070982, 11.023832456602634], [4.246727264251888, 11.02364582209708], [4.24839102172831, 11.023459184893511], [4.249722029148359, 11.024299043765893], [4.251195642964603, 11.024672312777057], [4.25309708226456, 11.024532336897892], [4.2548083761057, 11.024625655049988], [4.256377061752062, 11.024905606808375], [4.258801394768625, 11.025232218092412], [4.260845441364097, 11.025092242213248], [4.267120184848693, 11.025278875819538], [4.266882505723117, 11.023692480723469], [4.26631207474253, 11.021639484074967], [4.265551500101708, 11.0190265614267], [4.265836714692682, 11.016833552926187], [4.265789179227284, 11.01454720828707], [4.266026858352859, 11.011980883111335], [4.263690188551436, 11.008153226390334], [4.261919870405734, 11.002842269255382], [4.258893195764415, 10.99804527556904], [4.256551806320829, 10.990335822040606], [4.263686228836434, 10.98290210694671], [4.263324772420333, 10.976727206195676], [4.269641072677416, 10.969398967188624], [4.275096058936015, 10.960943079059916], [4.277214161104723, 10.954357939067677], [4.301588759014066, 10.948678420872454], [4.31411065927955, 10.949864705791583], [4.329844857853971, 10.951355314995851], [4.335790721064996, 10.918653068684193], [4.338548177356529, 10.903487060879229], [4.362232059961627, 10.889074348602378], [4.381127597660566, 10.87997159970962], [4.407153527113621, 10.877170698968655], [4.432109899152579, 10.881722150756673], [4.450292398575357, 10.88592342902308], [4.523984431636279, 10.916194915762787], [4.539826393273472, 10.919966696705728], [4.553404808085475, 10.915440558135288], [4.568492412994487, 10.908651352078266], [4.593472741174139, 10.892877527575877], [4.595041427719764, 10.893577719036557], [4.596110986033239, 10.89238739256416], [4.596752721560904, 10.89315760433999], [4.598036191716915, 10.892947546991763], [4.598250103559508, 10.89161717898969], [4.599057793682277, 10.890923181159906], [4.599747484658735, 10.889166487743239], [4.601387474852118, 10.889236508058445], [4.602243123121696, 10.88818620602865], [4.60331268233449, 10.888466287289361], [4.605594408055538, 10.889516588419895], [4.605737013552357, 10.889026447112883], [4.606663966369013, 10.888116185713443], [4.608018741072101, 10.887766084137525], [4.609230906681034, 10.888886407381847], [4.611569563984233, 10.888867251822262], [4.612510887967176, 10.88818620602865], [4.614792611889584, 10.888466287289361], [4.615527293250011, 10.888819746034528], [4.616168020637701, 10.889128006652243], [4.616138945555917, 10.889739380168294], [4.616127229188351, 10.889985746744856], [4.616432602982286, 10.890706925684128], [4.620775315828212, 10.892436521628213], [4.622810428558466, 10.892323701677526], [4.625154276748503, 10.892650724851137], [4.6252742885776, 10.892667470227593], [4.625292552009739, 10.892717250400835], [4.625649236623019, 10.893689456203504], [4.626566948006314, 10.894130966670843], [4.627270798808354, 10.89238739256416], [4.6279125334367, 10.891197063393804], [4.629338610888226, 10.890636906268242], [4.629837740019752, 10.890566885953092], [4.630265562805505, 10.891547161372443], [4.633117720406517, 10.891057023662768], [4.634386451573505, 10.891433221765794], [4.635328139781848, 10.891197063393804], [4.636183788950746, 10.89238739256416], [4.642701915960686, 10.893898873234434], [4.643047978681295, 10.89449356612522], [4.643999647565749, 10.89381391607941], [4.645729956672199, 10.893728959823704], [4.646854656916958, 10.895003302760244], [4.648584965124087, 10.895852860820924], [4.649882695829774, 10.896702417982226], [4.651699520616432, 10.896277639401603], [4.652910735641967, 10.897297106376413], [4.653871279935686, 10.898540937114603], [4.655368661934233, 10.899871272741109], [4.657478136007228, 10.900492696181061], [4.657507780359822, 10.90050142859809], [4.6576558402449, 10.90078065010698], [4.658214472120221, 10.90183414742802], [4.659640549571748, 10.903024435229554], [4.661482146184142, 10.904564880365001], [4.661565755255424, 10.904634817043245], [4.66184695077618, 10.905187052940164], [4.662350098977925, 10.906175174045075], [4.663990089171307, 10.907855552791602], [4.666057902150499, 10.90855571007802], [4.666956538913212, 10.909317777593401], [4.66762658779686, 10.909886000738368], [4.667469068842479, 10.91112337524362], [4.667412676853587, 10.911566360599124], [4.668981361600629, 10.913106681628108], [4.670264833555279, 10.91422691134295], [4.671762215553827, 10.916047273163201], [4.673830030331658, 10.917447543669255], [4.675113498689086, 10.91681742198648], [4.676111755153443, 10.916257314323673], [4.677751744447505, 10.917237504307423], [4.680229695943751, 10.917175115639111], [4.68053259840076, 10.917167490287511], [4.684097794277818, 10.91702746404627], [4.690301235014033, 10.91681742198648], [4.691442097874585, 10.917727597950318], [4.693509910853777, 10.919057848141222], [4.694990337933802, 10.919294419302048], [4.706018677420047, 10.89997021435397], [4.710487056132763, 10.896329281171461], [4.715620937656183, 10.890260959975365], [4.718187878867582, 10.885406215424553], [4.720184389098335, 10.879711124568814], [4.721990753870216, 10.872988910809624], [4.722656257580297, 10.866920114771517], [4.720440346944486, 10.859364791551911], [4.720061880751246, 10.859041129144828], [4.717047016007029, 10.856462823200786], [4.709597587958342, 10.85167404392206], [4.709639728390812, 10.85099813775389], [4.710178043681822, 10.842363878090566], [4.708912566261972, 10.83580488768547], [4.709709873711745, 10.832678272284511], [4.708569011750512, 10.828868435629829], [4.707037493285725, 10.826086087902695], [4.707382429155814, 10.824348145350655], [4.706769506107889, 10.823304643094843], [4.706098959899123, 10.822163038293638], [4.706062941151856, 10.822038232178727], [4.705331318385674, 10.819503171034569], [4.704920199607557, 10.819078839416932], [4.703104195002652, 10.817204465213933], [4.702869749839124, 10.816494436968753], [4.702077419237582, 10.814094810127415], [4.701906289044075, 10.811573443859402], [4.701307335165438, 10.80846373121625], [4.7004516886945, 10.805269938257084], [4.699443116106977, 10.802938202136374], [4.69962871369421, 10.80258128280002], [4.699771481968355, 10.802067317552712], [4.699700098280971, 10.801810337177358], [4.699457392844465, 10.801477213003011], [4.699133786195318, 10.801134571303464], [4.69880542123326, 10.801096499403968], [4.698091581661231, 10.801210713303817], [4.69806064858011, 10.80049068819477], [4.698475176688078, 10.80013932936663], [4.698911525046867, 10.79947059439246], [4.699345557651441, 10.798477664612562], [4.699168219437809, 10.797453404251257], [4.698888702051988, 10.796616925930437], [4.698227006970853, 10.795940503551435], [4.698245550092111, 10.795849431905822], [4.698654830655983, 10.793839241188095], [4.698055877676666, 10.792326321602502], [4.697718580648029, 10.791907796907367], [4.69643014803296, 10.79030908379724], [4.696422043342693, 10.789956918277198], [4.69637012188366, 10.787701000400887], [4.695488935565947, 10.784509453048884], [4.695146677876949, 10.781735675860773], [4.695153548697363, 10.780139381027652], [4.695574499763381, 10.778541597816513], [4.694462159800878, 10.775767766669162], [4.694265916039228, 10.769675692579199], [4.694034336115749, 10.762486644343198], [4.694771202828804, 10.750710897190174], [4.693520949132562, 10.746851153557941], [4.692494170669477, 10.744665481726656], [4.693948771018995, 10.744497352570818], [4.69587120139488, 10.743200533777667], [4.695146677876949, 10.736090776068522], [4.694975547683441, 10.730458239356324], [4.695745630856209, 10.728272447915174], [4.69643014803296, 10.724657454777741], [4.697456924697349, 10.718940632704061], [4.696515713129713, 10.716082180748117], [4.695146677876949, 10.711878525573525], [4.694462159800878, 10.706665913800919], [4.693863206821561, 10.705068482224704], [4.693606513329996, 10.703218813297667], [4.693093125447433, 10.701873592991944], [4.691381830706973, 10.697501585629709], [4.690927094809638, 10.696790712921086], [4.689499407571645, 10.694558852808882], [4.687788112831186, 10.69371806763479], [4.688027661647311, 10.693041320600514], [4.688472630907256, 10.691784251841796], [4.689242713180704, 10.691952409775922], [4.688986018789763, 10.690186741125274], [4.688814890394951, 10.686487212614793], [4.688044807222127, 10.683460291559243], [4.688814890394951, 10.681946819789971], [4.690931879202935, 10.669386890792453], [4.69086844282441, 10.66630717143886], [4.6907915723732, 10.66320990001691], [4.690782877727656, 10.662859613180672], [4.690192381073587, 10.662292803769901], [4.687103595654492, 10.659327926942296], [4.684451090245659, 10.655291667076824], [4.680906281100022, 10.652052444864466], [4.676799176241047, 10.64801608697286], [4.671494165423439, 10.641120518097466], [4.668499399627649, 10.638681803122779], [4.66362221159585, 10.634392983949112], [4.658830587761486, 10.629515428993898], [4.655236870785018, 10.624217306083835], [4.651300894320855, 10.618498595433891], [4.648648388912079, 10.616984799908664], [4.646081447700681, 10.616564300302286], [4.643810269228595, 10.619038594255755], [4.639749659319364, 10.615891500392479], [4.636840458620327, 10.614545893378306], [4.633845694623176, 10.61143415636127], [4.629738589764145, 10.608827001065322], [4.625802614199358, 10.603612623923482], [4.625754421329532, 10.603257350346496], [4.625460354711663, 10.601089505776145], [4.624976616577669, 10.60088148269432], [4.624091320358218, 10.600500775390515], [4.624180051068549, 10.59970750769537], [4.624431248803148, 10.597461747661555], [4.623701548787494, 10.597498995782075], [4.623089061910719, 10.597530260713029], [4.621720026657954, 10.598707732276068], [4.620778815989638, 10.600389826029698], [4.619495344934251, 10.599716990147044], [4.619733337023945, 10.599067176908761], [4.621035510380523, 10.595511728783322], [4.620210623421599, 10.59502523512657], [4.620179863010321, 10.595007094002256], [4.619238651442686, 10.595511728783322], [4.617955180387298, 10.594502457422493], [4.617195130051243, 10.593221141142806], [4.61720589043955, 10.593165738408175], [4.618040744584732, 10.588867299186575], [4.617375705824202, 10.588093163668646], [4.617298410893, 10.588003189195888], [4.615637677836617, 10.590595524563867], [4.610511051144158, 10.586007625951254], [4.607088461663238, 10.586512276020756], [4.605291603624664, 10.585671191372455], [4.602895791707454, 10.584998323114178], [4.604301903310215, 10.58447177635145], [4.604692652443987, 10.584325452157941], [4.606746203974183, 10.583989015780503], [4.607174026759992, 10.58272737936511], [4.605281631042487, 10.579304276371317], [4.603142878640995, 10.576972331607863], [4.602040146135892, 10.577260226178566], [4.601807767614446, 10.57607238273431], [4.600756675080561, 10.570699512672434], [4.600339666642355, 10.57056188132583], [4.599217721920354, 10.570191588171326], [4.598078910413449, 10.576421550813961], [4.596909459903713, 10.575990458093202], [4.595049742851415, 10.572663438666837], [4.593547294072437, 10.571679491315535], [4.593603169850439, 10.571020364698143], [4.59369347617303, 10.569955088056929], [4.593036639229581, 10.56949324032081], [4.585088728661958, 10.56390476229501], [4.577897283732682, 10.56115039517465], [4.542376924555469, 10.54754588293622], [4.510058401873778, 10.535167694333666], [4.498541353700546, 10.517370224356398], [4.498466710870048, 10.517096530980155], [4.485558032876952, 10.469764708974196], [4.479702698121059, 10.422940263782209], [4.479498863182016, 10.42129230469618], [4.48354485101413, 10.39044226699707], [4.486423490951381, 10.368493080391374], [4.483826635590788, 10.340794563018733], [4.482961178415678, 10.328677176010899], [4.490751266058112, 10.31396198215981], [4.509924739235373, 10.303176882307298], [4.518449305890783, 10.298381805076303], [4.541819572415363, 10.287129401300888], [4.559996603960144, 10.268087387423066], [4.56605577365508, 10.25683498364765], [4.565994544212913, 10.247345248384534], [4.56605577365508, 10.246029854094559], [4.568690777357517, 10.246047973635143], [4.567442415834876, 10.222948073894543], [4.566839189277232, 10.221862257637156], [4.553958972128896, 10.198677771262169], [4.551834106159106, 10.194852828695161], [4.551820119902686, 10.194823063833383], [4.527485370953173, 10.14303398143312], [4.526921272099059, 10.114263535134114], [4.526861191091143, 10.111193657061676], [4.529005560658163, 10.103902308244983], [4.529982567041884, 10.100580215304717], [4.537667342274062, 10.100171951874131], [4.624656746611606, 10.10266795726045], [4.624814229593085, 10.102672476353746], [4.639237522393785, 10.13780516297794], [4.649516793165503, 10.181492066905435], [4.650373399213038, 10.198624185158053], [4.646993864775084, 10.204256739856703], [4.646518671999161, 10.205048731413854], [4.670347063965892, 10.211652786846685], [4.671055793590028, 10.211849212271375], [4.669466484690588, 10.225360147352944], [4.669383049188411, 10.226069449845284], [4.676911830716449, 10.23025226592938], [4.684331295153186, 10.233962034120623], [4.69690079023934, 10.240246746590117], [4.696988582057486, 10.24029064159987], [4.707835191041283, 10.24300670029902], [4.719719176998467, 10.246000500222976], [4.728655935323218, 10.248245831280144], [4.735976470737569, 10.248807161121647], [4.745768874633882, 10.25058469992399], [4.750617541566328, 10.251520242165498], [4.756321854969656, 10.252549337282119], [4.762311383863334, 10.253859089225614], [4.771628430407759, 10.255730153024217], [4.777713031131555, 10.25657212800138], [4.793936082284404, 10.260665922894077], [4.871501790375362, 10.218330145120149], [4.94591971212509, 10.284815192067526], [4.946502400865143, 10.285335767331844], [4.950309537755004, 10.389651336639929], [4.93203527780588, 10.43952483969963], [4.906199181746899, 10.454151255176328], [4.891073980679721, 10.456652946975964], [4.875854645775348, 10.459170207838895], [4.875858773663538, 10.4592550741624], [4.875861348422518, 10.459311658606225], [4.853419303657972, 10.46029758536531], [4.845054149929126, 10.478701591405354], [4.832924365766928, 10.487903594875036], [4.826231956439699, 10.495431899762423], [4.818703174911661, 10.507143974015264], [4.818703174911661, 10.52220153707134], [4.819095880070847, 10.529660152594033], [4.81954002375312, 10.538095474126862], [4.822049616996253, 10.559008596769388], [4.822373146303732, 10.573034899141305], [4.823722363196566, 10.594979286065268], [4.814520836367535, 10.60418129043427], [4.801972865655273, 10.613383293004631], [4.796117306068879, 10.629277229160834], [4.802614264836507, 10.65201705204538], [4.802809237856081, 10.652699471103745], [4.810232008200671, 10.660122239649695], [4.811529592316901, 10.661419823765925], [4.812011242225083, 10.661901473674106], [4.814520836367535, 10.674449921027076], [4.806992053940178, 10.692852973785762], [4.808995285703929, 10.696859440011224], [4.80950164808263, 10.697872162070666], [4.813043602780112, 10.700724461764537], [4.818765234428099, 10.704351911411607], [4.822455720255334, 10.707170278785384], [4.825735699742779, 10.708431401687903], [4.836431288273388, 10.705769026219627], [4.840566915131092, 10.703737197813496], [4.843799113638227, 10.699544907371603], [4.846199924886662, 10.699183050757256], [4.849337297078648, 10.699953758059507], [4.85140511005784, 10.701915547264718], [4.855112915029054, 10.705068397688478], [4.859177238238999, 10.706679841601442], [4.862528522273522, 10.708221214837238], [4.866166202608213, 10.707962555427628], [4.870222871688213, 10.70352876464085], [4.873550386641057, 10.702407749817837], [4.881061065715642, 10.703902435648956], [4.889237250298891, 10.706051033828203], [4.893705629011606, 10.706611536293394], [4.896557784813979, 10.704836610920893], [4.898078935894205, 10.700165706682071], [4.900645877105603, 10.695214469372331], [4.908251628010248, 10.690169730448758], [4.913860869583516, 10.689796042353521], [4.920515902187162, 10.689142086837876], [4.925128620289627, 10.692388155588958], [4.927456150281159, 10.694653947121992], [4.930213235152735, 10.693719740373751], [4.932685103634697, 10.688861820316788], [4.941673278898747, 10.688670157701665], [4.946934004400816, 10.690052951682446], [4.949489061071347, 10.691395887710087], [4.950420184943653, 10.692838705142151], [4.951033979434669, 10.693789805655058], [4.950677459397298, 10.698635969774216], [4.951956174837619, 10.701749857070297], [4.952044117741877, 10.701964012629105], [4.9535890361052, 10.704591390080623], [4.955015113556669, 10.706167803601318], [4.957689011138996, 10.707277129935619], [4.965235342936751, 10.707510671280488], [4.973461151211211, 10.710420609423636], [4.975970745353663, 10.713766098226927], [4.979317188337632, 10.717112541210838], [4.98684596896635, 10.717112541210838], [4.99524240831056, 10.719479429132377], [5.003085838340837, 10.722106653699143], [5.008493052612323, 10.721697975681082], [5.01175110572899, 10.723705486419135], [5.011998827583852, 10.723858124752724], [5.013127807702233, 10.72683560198152], [5.013306066821599, 10.730280097148807], [5.012652447652385, 10.733841314425149], [5.012890127677281, 10.736585173866729], [5.013283687192484, 10.737334344204669], [5.013840846877656, 10.738394939874638], [5.0175843027734, 10.740846864091566], [5.020377040368146, 10.744524711746124], [5.024239335377047, 10.74866953597035], [5.026853812053844, 10.75042085323986], [5.029943648780431, 10.749778704024038], [5.03350884465749, 10.747443608036122], [5.036292708641611, 10.74435503575637], [5.039292484560576, 10.741448160704124], [5.044299258603928, 10.738916287656593], [5.046695813361168, 10.737763022245701], [5.04790708324532, 10.737180133856157], [5.055343616814525, 10.738048212554986], [5.061155195955564, 10.739810496157531], [5.06130756988847, 10.739856700626262], [5.063088044977349, 10.743979987886178], [5.063369182042152, 10.744631058376683], [5.0646945057469, 10.746439506877778], [5.066093457846875, 10.747090545892036], [5.07544434587993, 10.747524571301994], [5.0783895077696, 10.748247944587035], [5.07993837685467, 10.749637316209203], [5.080082976148503, 10.749767025427957], [5.083293216808556, 10.75649131302373], [5.083567288799372, 10.757065386258603], [5.083985315270127, 10.757940987786412], [5.084795234812304, 10.758881342300128], [5.085605155253745, 10.75909834511259], [5.086783221268718, 10.75779631834547], [5.087191787770848, 10.757465762634865], [5.088034912980902, 10.756783625963635], [5.089802010654296, 10.757651647105888], [5.090310955885968, 10.758245399305792], [5.092158139986225, 10.760400368282433], [5.094735157201796, 10.761413047174415], [5.100568472057375, 10.761340711104992], [5.101048355697117, 10.761334760290993], [5.102286815684067, 10.77232360784825], [5.107306003968972, 10.78570747412067], [5.108979224111977, 10.79574584979116], [5.099777222440935, 10.80829429624481], [5.083883286284674, 10.817496299714492], [5.083859508209798, 10.817499469824725], [5.05878734575947, 10.820841789417102], [5.047075748147336, 10.825024604601879], [5.03445188904351, 10.845836690211115], [5.028672217848623, 10.859322547697445], [5.026162623706171, 10.871870040869737], [5.025347440432085, 10.889807822173282], [5.025326252404682, 10.8902740478091], [5.034527779233656, 10.899476051278782], [5.054604528776053, 10.904495238664367], [5.075517654116481, 10.915369987435042], [5.081605386279591, 10.926022975979606], [5.08221006434303, 10.927081108406469], [5.08208951831665, 10.930457095018994], [5.081373692142222, 10.950504302731417], [5.067988872588444, 10.989821434111946], [5.062970160944246, 11.012407302954728], [5.055109079920157, 11.026164137864725], [5.04623937594647, 11.04168605686607], [5.04063987672896, 11.051897049309446], [5.035752296131591, 11.051897049309446], [5.027373791067646, 11.05050086981936], [5.02109003098019, 11.053992270926585], [5.01366570121121, 11.052681711391926], [5.009220599650973, 11.051897049309446], [4.995954513989659, 11.053992270926585], [4.991067410032997, 11.060974120759113], [4.991765498878692, 11.070050239826742], [4.979896069348172, 11.080523490766552], [4.975859681778957, 11.080523490766552], [4.972215651331283, 11.080523490766552], [4.960346220901442, 11.082618713283068], [4.947778224985143, 11.082618713283068], [4.934512615065159, 11.084014892773155], [4.908679008329614, 11.081920624437316], [4.89820575738986, 11.08750629388038], [4.876561640607292, 11.091694832350697], [4.863295554046658, 11.10007381405535], [4.860673904377222, 11.103350638721054], [4.850389957130858, 11.108492850664561], [4.839656351559427, 11.113859176359938], [4.830965040704086, 11.11610695177444], [4.81780052087737, 11.119511604277193], [4.81442117709571, 11.116132736236864], [4.802551745766493, 11.114037513720348], [4.788587570360107, 11.118925095217037], [4.785794734739284, 11.123812674915087], [4.780209064396843, 11.128700254613136], [4.779431819023273, 11.131420135430972], [4.765289307155854, 11.136859894368683], [4.757622242272703, 11.142992973047342], [4.746122360358697, 11.147592544860117], [4.743587265040276, 11.150562391341339], [4.741311523408115, 11.153228379386235], [4.740542012204173, 11.169346756647542], [4.732711130414373, 11.189586632417218], [4.72230581965789, 11.205901481867954], [4.705303044599873, 11.221051656209], [4.703560152179307, 11.227935731748687], [4.70340633393522, 11.228543282246733], [4.736222267143944, 11.249489784126297], [4.737650693624687, 11.250323088739606], [4.738990615124862, 11.25110476237495], [4.708120713200401, 11.26406949421181], [4.703856605597935, 11.267968897946332], [4.704367796436713, 11.271486206723125], [4.704469498968251, 11.272185987193609], [4.707860728190099, 11.274829565931782], [4.708177303939465, 11.275076347995139], [4.709394442799351, 11.278657266719506], [4.709603382290311, 11.279271982116313], [4.712611178363261, 11.282902356358704], [4.713311184563565, 11.283747256830509], [4.710459028761193, 11.291019430302526], [4.711656027303889, 11.29610597601004], [4.711885107112039, 11.297079433668955], [4.716638702214368, 11.298571106771192], [4.719642099703208, 11.29930740331406], [4.723103591157837, 11.300156001798086], [4.726432321094819, 11.30182994589535], [4.726811395229731, 11.302020573390791], [4.727594667859705, 11.305162711989624], [4.727857183562207, 11.306215811810318], [4.732895995953527, 11.306775172136554], [4.737839733816713, 11.304164814354749], [4.743829262710335, 11.306775172136554], [4.747727211341783, 11.311436469817295], [4.752512605572349, 11.312256504034508], [4.756751862208716, 11.313189683756946], [4.760472024764169, 11.314462196573174], [4.764278703899095, 11.315989204937921], [4.771372968088031, 11.318619032142692], [4.775612223825135, 11.319806689427196], [4.780630117985595, 11.321757827961449], [4.783917703039606, 11.32362412265519], [4.786426650569524, 11.324302771755583], [4.788676051958305, 11.325151081557237], [4.791455756577932, 11.326769532987612], [4.793953493159222, 11.328374635780847], [4.796981532072095, 11.330919521119029], [4.799057902999891, 11.332276784246233], [4.801307304388615, 11.33380369728286], [4.805287013085206, 11.336348534057663], [4.809007175640716, 11.338299560176608], [4.811516123170577, 11.340250572805758], [4.812727339095488, 11.33974161408429], [4.813679008879205, 11.338723694842713], [4.814371131622465, 11.337111981133091], [4.815582348446696, 11.336094050200302], [4.816966594832536, 11.337027152581072], [4.818437356898528, 11.339317482116144], [4.819389026682302, 11.33974161408429], [4.820081150324881, 11.338723694842713], [4.821292366249736, 11.337620942552519], [4.823195704917907, 11.336178877853001], [4.826330184890196, 11.33554649437525], [4.830010182823742, 11.336072074366768], [4.832625886175776, 11.339402307970204], [4.834961802345333, 11.342116746090994], [4.83693248404694, 11.344889014216676], [4.836951656693657, 11.344915983985516], [4.83820086897498, 11.34719060776041], [4.838768480580939, 11.348224140132004], [4.840412274007292, 11.350853669661149], [4.841883036073284, 11.35093849281725], [4.843872891320927, 11.350259907568727], [4.84568971430889, 11.349242026098693], [4.847593053876381, 11.34873308266566], [4.850101999607659, 11.34975096683371], [4.852091855754566, 11.350090261256582], [4.8534930219854, 11.350969468166454], [4.854254740563874, 11.351447432652947], [4.853703648604551, 11.353582609349985], [4.853836240150429, 11.353861792188013], [4.854341257143346, 11.354925155971216], [4.856158081030685, 11.355434087713036], [4.85771535787751, 11.355943017656216], [4.860224305407428, 11.356621591213525], [4.863165830438788, 11.357809090217415], [4.864896136847278, 11.3578939106755], [4.867405085276516, 11.358148372949074], [4.868149315638448, 11.357062963185228], [4.869135392584326, 11.355434087713036], [4.870000547587267, 11.353652823019388], [4.871037697032136, 11.353114487943287], [4.871471309653259, 11.352889420910117], [4.874239803324315, 11.352889420910117], [4.876289845699887, 11.353997737305804], [4.878741105317829, 11.354683590875084], [4.878998152242957, 11.35475551235703], [4.879457247154278, 11.35610583811399], [4.879690274986274, 11.356791233029014], [4.880994713735106, 11.358219178372451], [4.882588986892301, 11.35895270590271], [4.883237407080742, 11.359251045199642], [4.883150892299909, 11.360777814344715], [4.882545283438105, 11.362559033172886], [4.882231214998626, 11.363174859232402], [4.88168013023386, 11.364255424348414], [4.880468914309006, 11.365527707837487], [4.878825120882652, 11.366715170868474], [4.877786936318103, 11.368581170584605], [4.877412589919118, 11.370555143804893], [4.877345881807059, 11.370906906428615], [4.878644454278174, 11.37233912085378], [4.88168013023386, 11.373161302652022], [4.888088952743033, 11.378178628440992], [4.892408042197417, 11.382660601305759], [4.89578214203226, 11.385544254064143], [4.897195298923975, 11.386929595824256], [4.897771998179223, 11.387494942937337], [4.897858512960056, 11.389191183926073], [4.897898037264667, 11.389410742611744], [4.898118060000513, 11.39063297972831], [4.91325260232577, 11.385451639181838], [4.928477067862445, 11.376219872649074], [4.931513011816094, 11.372313135842603], [4.935756771357944, 11.366346132268234], [4.938510757165773, 11.364100323671039], [4.944325894024814, 11.367432469233108], [4.952430724598287, 11.369279861076791], [4.958856105424957, 11.369279861076791], [4.966084956755424, 11.362051009746324], [4.966788008060178, 11.360762078007554], [4.970903873215207, 11.353216170689791], [4.971206278347097, 11.352157889874775], [4.972510337582037, 11.347594261266181], [4.972510337582037, 11.344561803084787], [4.972510337582037, 11.339562416072681], [4.977329730682584, 11.32912063600861], [4.981345654178654, 11.319481849807573], [4.988264324838781, 11.313025263405223], [4.99603645212062, 11.310368347721123], [4.997177313182533, 11.304634920565206], [4.999744255293194, 11.29449626419131], [5.000671206311154, 11.292818106770255], [5.001837675568311, 11.290951356120217], [5.001112256325598, 11.290055508155206], [4.996435392279579, 11.284279871319029], [4.996384488853153, 11.284217007808707], [4.996457208933066, 11.283961153384553], [4.998888607922993, 11.275406648298201], [5.002311197403913, 11.269672522369035], [5.003238146623232, 11.267015205587313], [5.005441188859834, 11.257637024029464], [5.011866568787184, 11.252014160425233], [5.016685486146343, 11.251211165662824], [5.025520801843584, 11.256030083021983], [5.032521621076, 11.260697911579427], [5.032749653173994, 11.26084995276318], [5.034009357845662, 11.263999965825803], [5.034355640000854, 11.26486587535993], [5.040781498367494, 11.270487784783484], [5.045600413928014, 11.272897719654111], [5.052025794754684, 11.272897719654111], [5.058451653121324, 11.270487784783484], [5.058597247065336, 11.27019659689546], [5.062467574818754, 11.262455938690664], [5.064877032149354, 11.254424095295803], [5.062467574818754, 11.24478626237618], [5.061980124283366, 11.24415953563414], [5.056845187855174, 11.237557411045714], [5.052829266157744, 11.231131553578393], [5.048813341762354, 11.227918624844733], [5.048813341762354, 11.22731050597514], [5.048813341762354, 11.219083785788143], [5.048813341762354, 11.211051940594643], [5.052829266157744, 11.205430031171034], [5.057648181718264, 11.204626083127266], [5.062367997385195, 11.208559028876152], [5.062467574818754, 11.208642005724016], [5.066483498314824, 11.21667480509825], [5.068807869887337, 11.22287282472115], [5.068892955645424, 11.223099709284213], [5.070698906729206, 11.22610974826631], [5.071302413875344, 11.227115630981643], [5.071302413875344, 11.22883706018223], [5.071302413875344, 11.231934547441483], [5.071302413875344, 11.23637052537947], [5.071302413875344, 11.237557411045714], [5.185467834872725, 11.228039051261248], [5.233390218284001, 11.218191828290287], [5.242117868045227, 11.239972952289975], [5.244365701016363, 11.244866839832866], [5.243245842721535, 11.267877397324071], [5.243054282629089, 11.290573843208335], [5.246051192408629, 11.30168279432553], [5.249651102116729, 11.309372012208655], [5.260529040782671, 11.314701241768944], [5.26865744528493, 11.318943628945362], [5.275573287577231, 11.323214254834056], [5.283421933675356, 11.327608773126428], [5.29118099380787, 11.332882721360534], [5.303763348299924, 11.33878323535805], [5.312856460057617, 11.344590099353638], [5.313281735064095, 11.345216948403504], [5.333141327110582, 11.35642910032277], [5.336354255844299, 11.347594261266181], [5.336354255844299, 11.340365409935771], [5.342396509291518, 11.338650275090174], [5.348453946892164, 11.33892658189626], [5.354556570929049, 11.317592346309766], [5.357380205632012, 11.30643331644444], [5.362599653151506, 11.294183052805693], [5.368589182045184, 11.282603555709557], [5.372354029215103, 11.27010053221386], [5.373122974745513, 11.265759528079798], [5.37295579707245, 11.262782812576802], [5.373906515373449, 11.260684884000227], [5.374797814567557, 11.257013470095615], [5.376580412955718, 11.25351684302791], [5.377709391275459, 11.24879632768841], [5.3794919887643, 11.243026704618785], [5.380205027939724, 11.238422578639131], [5.3803238679522, 11.236732438651188], [5.379603885111237, 11.235026113564345], [5.389159190844055, 11.231079426174631], [5.38966421503153, 11.228908881839459], [5.389450303188994, 11.226111310388717], [5.389958173730804, 11.223045568298403], [5.389806823226365, 11.220586026823753], [5.389236392245778, 11.217998198857856], [5.387659151348828, 11.21270511215124], [5.387004131935214, 11.210506893878119], [5.384595695335122, 11.20236000201254], [5.386972491986967, 11.19245090388614], [5.388454171822616, 11.182149680663258], [5.389705808676183, 11.173447802773921], [5.39388267304696, 11.161934656759058], [5.399819861397532, 11.15425919670463], [5.404030845147417, 11.1469993628304], [5.402762001565179, 11.144009413803474], [5.405150453430736, 11.126554452426092], [5.41340085636449, 11.12089657461729], [5.408440856060679, 11.116785600874834], [5.393826354802457, 11.117807543683227], [5.387077541795179, 11.092206728257963], [5.391127226740196, 11.064047115881749], [5.389810469977249, 11.047649776116316], [5.389791800950889, 11.047417298669473], [5.388993313590618, 11.037473873420595], [5.396665073834129, 11.026059791326361], [5.400700262607074, 11.02005621772031], [5.411218375327792, 11.004406283823016], [5.430632433340179, 10.990583168878175], [5.445651103415742, 10.984180329558626], [5.447270014399692, 10.983490145753649], [5.462600356221515, 10.980270230187045], [5.477003747025378, 10.979080252651613], [5.487128903676023, 10.978030268082478], [5.492251959160626, 10.977127569981405], [5.49547146283777, 10.976560283929985], [5.500391457699664, 10.975385422199508], [5.500747952556026, 10.97530029237464], [5.501399884597049, 10.978404299718704], [5.500864980434528, 10.981457425220071], [5.500915188685042, 10.983428998149805], [5.500924400440795, 10.983790691087563], [5.501637438716898, 10.984665661291274], [5.503362321314114, 10.985182102372164], [5.505111581834058, 10.984963761368533], [5.506093933788065, 10.983440701926895], [5.507911397992643, 10.981965474726906], [5.508648991357916, 10.980990768808965], [5.509727848661328, 10.98103161421767], [5.510167851864935, 10.981048272359942], [5.510372168840547, 10.982390732646252], [5.510259855208176, 10.98417276805884], [5.51028390397903, 10.985245557636404], [5.510310338651266, 10.986424765790332], [5.510312748834338, 10.986532254559961], [5.511382308047132, 10.988282176980931], [5.512122988784938, 10.989315423368168], [5.512511287266136, 10.98985709672769], [5.513105486429083, 10.991373679251922], [5.513389623632293, 10.992047747205845], [5.513818524705187, 10.993065242866692], [5.515066343936667, 10.99359020772198], [5.51702720144425, 10.992890252783013], [5.518869218939358, 10.992015306860992], [5.518907067806992, 10.990964619921328], [5.5197010981272, 10.98985709672769], [5.521186597383632, 10.99020707779448], [5.522374994810207, 10.990498728833302], [5.52308803488495, 10.9892154637227], [5.523563394035477, 10.985598959724257], [5.524514113235796, 10.983090712766227], [5.526177870712218, 10.980874105155863], [5.531027806588042, 10.97759332886909], [5.534236483327106, 10.971643338669196], [5.535686873050793, 10.964450134666038], [5.535888629656597, 10.96309422771651], [5.536004439853059, 10.962315923840833], [5.537042625316928, 10.96078705927539], [5.537994294201383, 10.960192497685682], [5.538513387382977, 10.959003372707514], [5.53963808672836, 10.95883349796759], [5.540503240831924, 10.95934312398606], [5.541108848794408, 10.960022623845077], [5.542147034258278, 10.959682874365228], [5.542752642220705, 10.958238932780546], [5.543790826785255, 10.956710046631372], [5.544829013148501, 10.954841398411872], [5.546040228174036, 10.95348237261345], [5.547337959779043, 10.953057675871094], [5.549241299346534, 10.95280285836526], [5.550885091873567, 10.952632979128737], [5.552182822579255, 10.951358882606371], [5.553047977582139, 10.94974502221504], [5.553999647365856, 10.948555854069468], [5.555470409431905, 10.948470914001518], [5.556249047855317, 10.9473666841252], [5.557200717639034, 10.94745162509247], [5.559302048350901, 10.949150255579866], [5.55947529285055, 10.949290299807558], [5.560142241771075, 10.950764303929532], [5.560175171347112, 10.951281575084693], [5.560228756551908, 10.95212334141911], [5.561353457695986, 10.952632979128737], [5.562448428152493, 10.953404711658152], [5.564208467047138, 10.954246825130951], [5.565679229113186, 10.953227555107617], [5.566717412778416, 10.952378159824264], [5.567755599141663, 10.952038402250537], [5.56905332984735, 10.952293220655633], [5.570351062351676, 10.952717918297367], [5.570935073994519, 10.953138391823359], [5.57164879305742, 10.953652250950654], [5.571389246916283, 10.955011274950436], [5.571562278276588, 10.955775723870602], [5.571043185094936, 10.956455231823554], [5.571043185094936, 10.956724749647549], [5.571043185094936, 10.95721967714644], [5.571837695653187, 10.958004339228921], [5.571992025611564, 10.958156756329288], [5.572600461941818, 10.959428061355993], [5.572621890088215, 10.959526233149177], [5.572860008982275, 10.960617186334105], [5.573811678765992, 10.960617186334105], [5.574323230232949, 10.960198667034888], [5.57483275013135, 10.960717883423627], [5.575109410371056, 10.962400861210824], [5.574900430410594, 10.963563472376393], [5.574849864229918, 10.96384478121172], [5.574946306626771, 10.964128829381991], [5.575282440832041, 10.96511882377473], [5.5761104439419, 10.965431471285399], [5.576407141076743, 10.965543501631316], [5.576753202898033, 10.966647665857124], [5.576789735158172, 10.967185637607145], [5.576839717678865, 10.96792169493034], [5.578291906945992, 10.968852775635128], [5.584952100758869, 10.96677173722594], [5.609437942107377, 10.965276717746349], [5.636488925123842, 10.964990980649304], [5.665148773697013, 10.973140694587414], [5.665120302959679, 10.973468403044421], [5.665107823966935, 10.973489148605381], [5.679967797875634, 10.975718497810476], [5.691212095162086, 10.982143401996439], [5.703366239260561, 10.989739573322709], [5.71103170155186, 10.992123473719403], [5.721080780054024, 10.994995116931136], [5.729028951424993, 10.998357718034299], [5.729065409041425, 10.998407114196993], [5.734297315768572, 11.005495638013315], [5.734800204066232, 11.006176983281193], [5.737489291197903, 11.017124032148388], [5.73970779457909, 11.02239532288587], [5.740147997432189, 11.023441267700377], [5.753361561786676, 11.027082902354095], [5.756922354583025, 11.02894422469626], [5.765603495904656, 11.03942149380697], [5.769069378748895, 11.049423991923732], [5.775185489019179, 11.059972999054708], [5.783288235863438, 11.06777037570231], [5.800322574427298, 11.0825317362507], [5.808954278217414, 11.087495415680962], [5.826077017440468, 11.093077817887036], [5.835829506726384, 11.093283984768107], [5.849020731921314, 11.096899163165915], [5.855200403575793, 11.098648427283138], [5.86042935872797, 11.101913692063306], [5.867935853257052, 11.106908681390564], [5.892312197649858, 11.110845783805928], [5.897509750274821, 11.113565839991566], [5.90681675319064, 11.137104841815074], [5.914968404268507, 11.145087557944464], [5.937092519803969, 11.151963394794905], [5.956657958897722, 11.159752619987444], [5.977745701103288, 11.16697766538698], [5.994652354822392, 11.149705469631783], [6.000590323784479, 11.143584251212246], [6.006212234107352, 11.141978264385443], [6.015636016688859, 11.138108404279478], [6.015900000984288, 11.138], [6.015878353403309, 11.13790275001196], [6.014041581653714, 11.129651230120203], [6.016665566862457, 11.118289034411475], [6.026292323731809, 11.10103765616293], [6.026299997646845, 11.100999999750229], [6.026867666809437, 11.099001334743832], [6.031100001363995, 11.084100001014292], [6.032699997806674, 11.07530000079447], [6.033414215094012, 11.074427070253137], [6.039900000684554, 11.066500002373232], [6.044778046669592, 11.057419327340142], [6.046399999160656, 11.054400001059264], [6.065985387915362, 11.055010036384147], [6.077835104306644, 11.05629494635474], [6.096537667279563, 11.059293066621763], [6.112670413009198, 11.061291812567163], [6.119951564413213, 11.059721368746239], [6.12751824966756, 11.053867894687642], [6.162639094918347, 11.043017554416679], [6.196141905124875, 11.017652498963685], [6.208277157165128, 11.004803410049362], [6.223505707422532, 10.996475295798291], [6.242303449244844, 10.988623074895031], [6.266548480927725, 10.966106377407414], [6.266188656781139, 10.964947638722606], [6.265354030164417, 10.9636170782656], [6.264620595264319, 10.963143901769683], [6.263468053807685, 10.963287912007559], [6.262282179878753, 10.962931259769846], [6.261477301935997, 10.961415778015805], [6.260827688347206, 10.959523059441665], [6.258564517438572, 10.95777434121294], [6.255798418662152, 10.956601663935714], [6.254415371072582, 10.955428983960473], [6.252508439612825, 10.951746325832346], [6.251334943952543, 10.948742558722131], [6.25102061381034, 10.948310508223415], [6.248170694621933, 10.948557393708825], [6.24544650785009, 10.94763156864201], [6.243791040324311, 10.946376556632856], [6.241800287553303, 10.94526555755948], [6.239809535681559, 10.945574168912799], [6.238698906229615, 10.945882781165494], [6.237483498564643, 10.945327279830167], [6.236078047963588, 10.940405003388264], [6.23559752400655, 10.939134416020522], [6.234591670069562, 10.937550173901457], [6.233376264203287, 10.936747762799087], [6.232517096886568, 10.935348681196729], [6.232081777352164, 10.933223769361518], [6.23396301068442, 10.926604271669873], [6.23302002295577, 10.922118804938918], [6.231029271084026, 10.918600339633997], [6.226103654560063, 10.913497436157797], [6.223029814974041, 10.910576753814212], [6.221364192303668, 10.908673184020302], [6.217795000738761, 10.905103993354658], [6.209228941162735, 10.901772748913288], [6.164607024694476, 10.893103743043355], [6.163357158606061, 10.891630122032552], [6.157832582807487, 10.885116521310465], [6.163285266801665, 10.870022595066757], [6.163957251026375, 10.868162432850056], [6.162983615301641, 10.86682188632102], [6.162901087215459, 10.866473417913937], [6.162445843201169, 10.866072765445836], [6.162395586387277, 10.865572998694972], [6.16256767615738, 10.86480865319686], [6.163369845342118, 10.862649515862529], [6.163666945373279, 10.860023521568337], [6.162805356182275, 10.856142839020833], [6.160554925069789, 10.854022835685385], [6.158166243877076, 10.852657281708218], [6.15670451280306, 10.852762324321873], [6.155156030426497, 10.854185943926211], [6.154066267943961, 10.85465309136714], [6.153326511709224, 10.854702513610164], [6.148825430049612, 10.855003230714601], [6.146432788242635, 10.85317374167488], [6.144899249900504, 10.852830886835989], [6.143509326993922, 10.852520141391437], [6.141180065807418, 10.851749827092874], [6.139849059286689, 10.851376337747865], [6.137876318137614, 10.85011581469314], [6.132172003834967, 10.848715229424329], [6.130484478176186, 10.848458451396482], [6.124946240776467, 10.845934783763312], [6.122599639761631, 10.844865478159363], [6.122599419427729, 10.844663955377314], [6.12259351088187, 10.83928443213091], [6.121809168058689, 10.837883793802064], [6.121832936241049, 10.836879998413224], [6.122022086150423, 10.836094454095814], [6.127699960384916, 10.834309627187622], [6.130413173629108, 10.833938628065255], [6.131791717413876, 10.831767597196915], [6.133407939424899, 10.829970064666782], [6.136355167057388, 10.825324444867306], [6.135832272441462, 10.824530714021307], [6.133693154015873, 10.822756483824719], [6.13155403738898, 10.818671043633799], [6.130272943241778, 10.81797838129728], [6.128580662867364, 10.818650733344725], [6.126793311562153, 10.818613380003512], [6.125139060819038, 10.816783086969963], [6.122324932849438, 10.814971459365381], [6.121726241572844, 10.814935891178493], [6.117609367378464, 10.81469130615892], [6.113787477110407, 10.814373802309206], [6.11258957115183, 10.81386953175354], [6.112530534256791, 10.813474655630898], [6.11219026856611, 10.811198749422772], [6.113121974299702, 10.808341173406461], [6.113521275986159, 10.805222086230344], [6.113198030864453, 10.803335678199062], [6.111201522432339, 10.799730923843128], [6.111125464068948, 10.798012579317117], [6.111135980740983, 10.796370058431478], [6.110733650137888, 10.79293079641917], [6.110095761010598, 10.789651468940178], [6.108856654411113, 10.786681268126074], [6.108114854017344, 10.783147871377196], [6.107012019888828, 10.780233989706915], [6.106366612429269, 10.778912369410364], [6.105661999901429, 10.777469515106077], [6.102828856666463, 10.775919154945086], [6.101987019285559, 10.774670867166833], [6.102505613343453, 10.772519543142437], [6.103893661163568, 10.769512162556282], [6.105072553655475, 10.768073839935823], [6.106779248363694, 10.766806335444073], [6.109070327034033, 10.765346612556186], [6.111561209881984, 10.762731437106197], [6.113053606938479, 10.760227570745826], [6.111656281712101, 10.757220818785811], [6.111295008757679, 10.753279262028343], [6.111029224019546, 10.749928521184358], [6.111751354441481, 10.748777234281988], [6.114109136727336, 10.746535532888572], [6.11650494864449, 10.742855376674356], [6.116676077938678, 10.740296049123401], [6.114622524609899, 10.737699341251641], [6.111618253879385, 10.736130095327667], [6.110610491580985, 10.731926718942987], [6.108385808957962, 10.728974982109776], [6.107891435441445, 10.728507930896342], [6.107123420709343, 10.727667167305981], [6.10714987516667, 10.72503305573099], [6.107910449807434, 10.722753814836722], [6.107340017927527, 10.720960302276183], [6.105153364935916, 10.718568935707879], [6.103651229120999, 10.71615886863691], [6.101673734155554, 10.714795024270984], [6.099943425049048, 10.714197171162596], [6.098878619652623, 10.713674049917529], [6.095814571885057, 10.711973276345702], [6.094812342215846, 10.711271922061599], [6.09383980995932, 10.710591350210677], [6.09423911164572, 10.708984598960114], [6.094372213107192, 10.705528182379737], [6.092813034194194, 10.702090412342727], [6.092813034194194, 10.699346963891344], [6.092813034194194, 10.698951542779525], [6.093668680665132, 10.698092085881115], [6.095245317217689, 10.697887363311224], [6.095291176346734, 10.697881408000626], [6.096916790877231, 10.698177070915165], [6.098897634917989, 10.70166068928944], [6.100209627072672, 10.701025442370337], [6.103327984898613, 10.701081494415462], [6.107454105022953, 10.701847524343805], [6.111941498101714, 10.700352826821529], [6.11509788465969, 10.697120523093702], [6.116390862448384, 10.694224496563322], [6.115820430568476, 10.693495814580217], [6.114679567707924, 10.692748448282316], [6.114204207658133, 10.69190765591361], [6.115630286908242, 10.689628165907152], [6.116714106670713, 10.687722351405455], [6.117626522845796, 10.686828854268242], [6.11983246539603, 10.686283637579834], [6.123920555889015, 10.685162558905006], [6.12576495119157, 10.685312037920255], [6.127324130104569, 10.684377802393726], [6.128144441312941, 10.68401685319526], [6.130917847081037, 10.680173706551386], [6.132572097824095, 10.678977866335515], [6.133846062146119, 10.678809699408134], [6.135524957910548, 10.679509205585418], [6.137230621096307, 10.679239456635685], [6.138998958035529, 10.677613851997705], [6.141041018927922, 10.673198987443357], [6.140192811649001, 10.670523521443386], [6.136852090151876, 10.669003329939756], [6.136574139385061, 10.668876849287187], [6.133710098142558, 10.667732349568325], [6.133104014438743, 10.667393669382363], [6.132955465322539, 10.666914846043369], [6.133098072617997, 10.661484235009482], [6.133149569596981, 10.660923649806648], [6.133109579443612, 10.660727145241594], [6.133054497766921, 10.6604564969698], [6.132795887820009, 10.65985779310273], [6.132164000768057, 10.65962409977243], [6.130521365668528, 10.657707952959697], [6.130630164750357, 10.655247672242353], [6.131153060265547, 10.653168788608752], [6.130796540228175, 10.650038760280609], [6.130820308410534, 10.645974344440504], [6.129132781852434, 10.64333478027595], [6.127893052922104, 10.64054410572595], [6.127026940141207, 10.638588180999818], [6.126760739016959, 10.637111861123515], [6.12723609816743, 10.63556078420288], [6.127502299291734, 10.634439517569717], [6.126798766849674, 10.633392998987745], [6.125752976718559, 10.63288842715923], [6.123946611047302, 10.632402542343527], [6.12341420789943, 10.632215662323006], [6.123071949311054, 10.63167371107295], [6.122900820016866, 10.630982257425273], [6.121912072084513, 10.629748844433664], [6.121360654570594, 10.62862755711609], [6.12051252823062, 10.626638600291244], [6.120238806975408, 10.62371253280719], [6.119288087775089, 10.621170892222949], [6.118261312009963, 10.618292833247722], [6.11634085924328, 10.612162849136212], [6.116188744315139, 10.610125723723229], [6.115180982016739, 10.607976448354464], [6.114705622866268, 10.606761634242048], [6.114800694696328, 10.6053038502925], [6.115599298968505, 10.604070334778157], [6.117082420417432, 10.602070535726682], [6.118565541866303, 10.601117355081897], [6.120769802684322, 10.599739682740221], [6.124117740341489, 10.598052207443459], [6.12754032802377, 10.59629533955831], [6.131438275755897, 10.593510498011142], [6.13337774198925, 10.591790985265789], [6.134005216967239, 10.59012753355887], [6.131161727931442, 10.581648988809832], [6.129866580977989, 10.57770480243471], [6.129518319414956, 10.573953883964634], [6.129066726648148, 10.570238927584512], [6.128710208409416, 10.568790315820479], [6.128187311994907, 10.567341697761208], [6.127450503737805, 10.56514539234604], [6.126594858166243, 10.563393009379922], [6.125751095336852, 10.562621957637305], [6.125620370783508, 10.562271479245396], [6.125442110764823, 10.561570520663054], [6.125834282626101, 10.55986484938336], [6.126000659003239, 10.558568063865096], [6.125739210795984, 10.556733864176522], [6.125180664356208, 10.555308553846714], [6.124455740639974, 10.5541869949339], [6.123041545031299, 10.552866820747226], [6.121556046674243, 10.551359711681414], [6.120034898291976, 10.550074575081624], [6.117104649859755, 10.549613340683152], [6.11645781787405, 10.549210024423132], [6.114418525994211, 10.548579135618638], [6.112022714077057, 10.547499610118962], [6.109000812137822, 10.545193254665037], [6.107259612241364, 10.545214369847315], [6.105904838437596, 10.545578889354317], [6.10506345161707, 10.54576114685949], [6.104293369343566, 10.545803207252277], [6.101739164331036, 10.546300094373919], [6.100257567232973, 10.54658831989508], [6.099701396802061, 10.547541669612428], [6.096392895315887, 10.546938817172702], [6.093640193739986, 10.546197091422698], [6.093694279867179, 10.546012877892053], [6.094039865947082, 10.544835831708326], [6.094510472180616, 10.541372885150565], [6.094567515278641, 10.537699596159484], [6.09428705270534, 10.531037557837067], [6.093954300850328, 10.52856057940727], [6.093169958027204, 10.524915180191442], [6.092243006109868, 10.521783838853139], [6.158331775790884, 10.500831663150791], [6.174896222182952, 10.442200313793478], [6.161385986773894, 10.417576424712252], [6.161679209827696, 10.416657847281897], [6.161635550440337, 10.41599852910889], [6.161460190735284, 10.415625137789903], [6.161531072600951, 10.415409182687654], [6.161821975403882, 10.414922251960434], [6.161965711348557, 10.414805974116462], [6.162301054150362, 10.414736204712142], [6.162664910857018, 10.414355161061906], [6.162574385099845, 10.413906341804307], [6.162265402326511, 10.413403747584937], [6.16156424589326, 10.4125154404353], [6.161706854088095, 10.411954401974128], [6.16194730672288, 10.411343024860741], [6.162184986747775, 10.411120947174027], [6.162410782231859, 10.410635880741324], [6.162437248380343, 10.410187821410886], [6.162284812394205, 10.409593277807573], [6.162619941157402, 10.409295223595734], [6.162943185379731, 10.409211066837315], [6.163542138359048, 10.409229769138562], [6.164188626803707, 10.408724830386689], [6.164511871026093, 10.408126381927048], [6.164255176635152, 10.407518582316754], [6.16369425328719, 10.406667659984578], [6.163659392866748, 10.40632479705181], [6.163545306670642, 10.405333610158038], [6.162936846957962, 10.40437982426954], [6.162917831692653, 10.403930980730252], [6.162930191974851, 10.403652557819328], [6.163319986927888, 10.403091504069721], [6.163956967739921, 10.401754321005171], [6.163794454850233, 10.401334113678445], [6.163915670871575, 10.401081637107893], [6.164286452357942, 10.400436419405253], [6.16415335089647, 10.399903413711627], [6.164200887261188, 10.399033768393735], [6.164381524188059, 10.39862232316176], [6.164704768410388, 10.398659726864935], [6.165028011733398, 10.398949608937357], [6.165332243388377, 10.398884151782227], [6.165678165814768, 10.398496383901033], [6.166435075718198, 10.39763111108698], [6.166596699178399, 10.39722901430764], [6.166411268865033, 10.396677033818094], [6.166311482788728, 10.39638741614641], [6.167671011308187, 10.395985317568375], [6.168783030212751, 10.395823772349274], [6.169572448809504, 10.395471006981438], [6.170285487984927, 10.394311463403369], [6.170371053081681, 10.393722339114731], [6.170256965986255, 10.393324913414062], [6.16999076486195, 10.39283397530778], [6.169838649933808, 10.392417844607905], [6.170580211107904, 10.39091696964249], [6.171578465773621, 10.38977377483991], [6.171977768359397, 10.388911114556322], [6.172284375123866, 10.38850433230914], [6.172797763006429, 10.38825184584607], [6.173674800751485, 10.388202751855545], [6.174623143043675, 10.388118589701207], [6.175100879102331, 10.38806248189809], [6.175371834042949, 10.387824021261622], [6.175642788983566, 10.38722085765653], [6.175821049002252, 10.386680815667148], [6.176020699395792, 10.386344164351726], [6.176231758588813, 10.386294367990729], [6.176548348727351, 10.386168825331083], [6.176859233566802, 10.386168123859875], [6.177305478065421, 10.3857715651057], [6.177275768062316, 10.385070209022956], [6.176844973017126, 10.384821516799605], [6.175998237928411, 10.384456517953993], [6.175947019739226, 10.384369475271114], [6.175552614861317, 10.383699217744777], [6.174910140090958, 10.382247669694266], [6.173519712664643, 10.381265756609423], [6.173099019704068, 10.380901046446183], [6.17285183294581, 10.379629228805925], [6.172353505110209, 10.377663463697957], [6.172357459429236, 10.377104285034761], [6.172034215206907, 10.376636699624044], [6.171280770391263, 10.376710345106403], [6.170900483070909, 10.376383035948379], [6.171019322184009, 10.375728414934429], [6.171328627813978, 10.375271382168592], [6.171518450416215, 10.374582826136589], [6.171066857649407, 10.373671028695071], [6.170336822186641, 10.373352216331739], [6.170187442996166, 10.373063161635628], [6.170218780772188, 10.372415689332627], [6.169767386755552, 10.371868745046584], [6.169212955613432, 10.371309693187811], [6.169379331990626, 10.371052516760301], [6.169807155675755, 10.370842099683216], [6.169902228405192, 10.370444646103579], [6.169688315663279, 10.36974325314867], [6.170092371166049, 10.369018481417811], [6.170065931097895, 10.367529723018379], [6.16926049197815, 10.366844149138217], [6.169308028342869, 10.366353168763794], [6.169735852027998, 10.366002470037984], [6.170591499398199, 10.365511486965602], [6.170851925975626, 10.3650323218842], [6.17054132262399, 10.361983628241887], [6.170211211178525, 10.36181741284338], [6.169783388392716, 10.35983007659678], [6.169712083845639, 10.358468160377356], [6.172112648679843, 10.358661050567093], [6.173396119735173, 10.359140351446115], [6.175939292764212, 10.36219149933828], [6.177982467017273, 10.36372093767119], [6.180547147333016, 10.366005872173332], [6.18164360616754, 10.369275656946058], [6.181524766155064, 10.370070570400571], [6.1825705571855, 10.37376454559734], [6.184234314661921, 10.375260827725072], [6.187086472262934, 10.375751793710378], [6.191293402768395, 10.377154549942588], [6.192777929857641, 10.378691566862358], [6.194573383155159, 10.378861227563675], [6.196736268863788, 10.378323507623804], [6.199065530050234, 10.376125863118148], [6.201371023953641, 10.374746482064552], [6.203296228737997, 10.373367095615038], [6.204627236158046, 10.372502053027347], [6.205910706314114, 10.372478673352134], [6.207146641004726, 10.373063161635628], [6.209261991247956, 10.374886760115942], [6.211329803327828, 10.37879109033662], [6.213812881859042, 10.38230651773165], [6.215227706993119, 10.385757837853987], [6.216713250316275, 10.389381637152894], [6.21812744412631, 10.389650488579207], [6.219252381792046, 10.389452429985681], [6.219358076414153, 10.389433821213913], [6.221930320028321, 10.385793048110713], [6.223866462367369, 10.385131403391597], [6.225998163184727, 10.384588284821518], [6.228128458361709, 10.384898398942028], [6.231892533014047, 10.386461647287263], [6.233980057333838, 10.38578396495808], [6.235651125399158, 10.384797583142017], [6.244222374063384, 10.411937327445742], [6.254453987061879, 10.427448306194435], [6.28536035289801, 10.41418761376741], [6.285906548948105, 10.413759183939248], [6.286414657810269, 10.413774348307584], [6.286773067323224, 10.413962198696538], [6.287165725717728, 10.414410187879923], [6.287013610789529, 10.415990430713862], [6.287070653887611, 10.416588862086371], [6.28739389810994, 10.418430905661808], [6.287565028303447, 10.420263588194075], [6.287403405742623, 10.421787698043886], [6.286699874199883, 10.422629228755966], [6.286186831657005, 10.42350814068817], [6.287013610789529, 10.423816716967963], [6.287479463206694, 10.423994371742936], [6.288705891164, 10.424041123898803], [6.289466465804821, 10.423882168727175], [6.291405932038174, 10.423096744019574], [6.293202790976068, 10.422030808175293], [6.294619361694231, 10.419992427308728], [6.295161271575466, 10.41912283774883], [6.295712689089385, 10.4183000003448], [6.29595036911428, 10.418010136258829], [6.296302135335338, 10.418000785108177], [6.297077520011612, 10.418143797098594], [6.29919231986969, 10.42022618718886], [6.300619290348038, 10.422356120838344], [6.301417893720895, 10.422898439911137], [6.302140439629625, 10.423122846841977], [6.302728993748133, 10.423302451347126], [6.303736752449197, 10.42397684575485], [6.304251036056542, 10.424693695357803], [6.304574280278871, 10.425684821097661], [6.303908776568846, 10.427610962076301], [6.302824957705695, 10.429312689828805], [6.30250171258399, 10.430098098348594], [6.302292554557823, 10.431351007742876], [6.30349046141572, 10.431799810812663], [6.309384917579905, 10.43249171322202], [6.309993378191905, 10.432585213936534], [6.310691792592195, 10.433054936136443], [6.311200090311957, 10.43352874755368], [6.317028698115962, 10.438961864098815], [6.318795972955854, 10.43962943894752], [6.320051984111842, 10.44057002998295], [6.320660443824465, 10.441579804964078], [6.32163017829015, 10.443505847916583], [6.322542867859113, 10.446815621943472], [6.323018227009641, 10.450518039975634], [6.323816831281761, 10.453547257000366], [6.322589712645197, 10.456243671808068], [6.315423916380666, 10.480156502020975], [6.32708856668404, 10.495207666400745], [6.355332566045149, 10.511202500195282], [6.369829007003091, 10.527920417693167], [6.382946451817361, 10.540433602628696], [6.384144356876618, 10.542957219000527], [6.384862726333779, 10.546482635165546], [6.385189536368046, 10.548176698895588], [6.385724314625463, 10.549257389017328], [6.386297707972915, 10.550497527139214], [6.386347186873252, 10.550604541066775], [6.386467063803991, 10.550863813814033], [6.387630672317698, 10.552069997132719], [6.387966156313098, 10.552417755075396], [6.388205045026837, 10.552786194727162], [6.38860618222958, 10.553404869838914], [6.389158826418736, 10.554210590446417], [6.389775391721003, 10.5550336212047], [6.389824290558636, 10.555098894898151], [6.390383066325512, 10.555527756400863], [6.391488048934377, 10.556375833278139], [6.391809541277382, 10.556893008205805], [6.391554602363044, 10.55874930423704], [6.391541790621204, 10.55884258371833], [6.391202833444083, 10.56131063008155], [6.39268256175086, 10.56197979493163], [6.392738609299442, 10.562005141424208], [6.393590100003166, 10.564346562344042], [6.394911383053909, 10.565883660202815], [6.395438364189204, 10.567588193840095], [6.397114006206493, 10.569445693164255], [6.397202641588706, 10.571734181787122], [6.397237866234605, 10.572643630199423], [6.397239953561041, 10.572697538260854], [6.397982960845013, 10.572835187593853], [6.402426147748542, 10.574422335422469], [6.403659823342196, 10.573919763686206], [6.403805961376065, 10.573860231264689], [6.40638351458756, 10.572810191836936], [6.408415676642221, 10.573300844858124], [6.409936101969606, 10.574987981110496], [6.409944015104259, 10.574996761191642], [6.410464079553662, 10.575076644371677], [6.412413630784499, 10.575434236400952], [6.413378822774519, 10.575630222956477], [6.413442951630941, 10.575644623800372], [6.418247700171264, 10.57653427183925], [6.42442340581556, 10.577085856627036], [6.42691904427852, 10.579679263986918], [6.429521637313769, 10.582938515000535], [6.431232931154909, 10.586898633764974], [6.433216095446483, 10.589049339055805], [6.433586555874911, 10.589327111756859], [6.435582469855149, 10.590823655587258], [6.435984127765323, 10.59071020341321], [6.438684190223228, 10.589947539647312], [6.441821563314534, 10.590648432579144], [6.44588588562516, 10.590613388696966], [6.446527621152825, 10.591910038417609], [6.446657449981387, 10.594210514103963], [6.450375080045944, 10.595006942916143], [6.455775669911304, 10.59573300607343], [6.457294513331192, 10.593872522798733], [6.459897106366441, 10.5941879231342], [6.463593691395772, 10.596784069829027], [6.46920293206972, 10.600335167933679], [6.47129744771911, 10.604100819097596], [6.472410943310422, 10.606102729757197], [6.477117002048033, 10.608065125105497], [6.47776152367544, 10.607934291734239], [6.480396982434854, 10.60739931472665], [6.481561174608544, 10.606270904778455], [6.482963922746876, 10.604911270139041], [6.485658613554222, 10.608235594297298], [6.486457814976234, 10.609221530049638], [6.490714897074895, 10.612591198924747], [6.491728032822493, 10.613411941807726], [6.49454360780129, 10.615692841951159], [6.501459516643422, 10.611529476404257], [6.502065850358747, 10.611164464068793], [6.505709169442639, 10.609798007172344], [6.506597996400444, 10.609464644677644], [6.507460227707384, 10.608985618091879], [6.509171730191269, 10.608034766691162], [6.511754287230644, 10.606600087224308], [6.513826846831591, 10.605448722980213], [6.515147944622015, 10.60412762518979], [6.518296603305657, 10.600978967405467], [6.521683990623728, 10.597591307592836], [6.524268150254954, 10.595006942916143], [6.523150562748299, 10.590536442702728], [6.521540164746852, 10.584094633960262], [6.521055698162002, 10.582156181262803], [6.521266838294025, 10.578493926053909], [6.521407770152507, 10.57604944912282], [6.52159309434586, 10.572834969058647], [6.522707757257251, 10.570159777351876], [6.524400627586942, 10.566096888560594], [6.525071620758752, 10.564486504048944], [6.526150756852019, 10.56280775307539], [6.530029137135045, 10.556774375936754], [6.532299995448454, 10.553241730121783], [6.532787225649997, 10.552754499920297], [6.534732818964471, 10.550808906605823], [6.537135114094269, 10.548406612375288], [6.540331840641954, 10.545209884928283], [6.549167156339252, 10.545209884928283], [6.551589489263563, 10.545556069057398], [6.5561008447782, 10.546940803775101], [6.561214924129501, 10.550831795251213], [6.566545485585721, 10.553497313850016], [6.56940078721658, 10.554924965115106], [6.574065684883521, 10.557257652718533], [6.577784538026037, 10.562629699900754], [6.581294537113251, 10.56769943278266], [6.583181857956447, 10.569856643769128], [6.586916924076831, 10.574124336069303], [6.597023487244201, 10.57715606669916], [6.602980613564512, 10.578943253428463], [6.606240272870366, 10.580107689318481], [6.610779761876586, 10.581728934942419], [6.614225388390992, 10.582959175125893], [6.618111609862979, 10.584188461128633], [6.624107837806491, 10.586084366000762], [6.630505561782286, 10.588107108556244], [6.636498928083086, 10.590010643276628], [6.647069930832686, 10.593429565322253], [6.65328884080742, 10.592802048076123], [6.668568611052592, 10.5912618646434], [6.671233177269357, 10.590868949942148], [6.67778158175463, 10.589862822611224], [6.680889606370272, 10.589385032593214], [6.683989400390544, 10.589711328215287], [6.686180592260598, 10.589941978239779], [6.695991255092395, 10.591047332268602], [6.696122610070461, 10.590988105616645], [6.700488091052591, 10.589019774742837], [6.709845543237293, 10.587535858293279], [6.725868225438319, 10.589385032593214], [6.731325917756919, 10.5964021502391], [6.728271464856277, 10.605861104406472], [6.726671219301352, 10.60866165171393], [6.726575466684494, 10.609012744342749], [6.724262297966732, 10.61768225832958], [6.719437892944427, 10.624768102166229], [6.714161199979458, 10.634115385716541], [6.715035805957712, 10.636793885129748], [6.716573402940242, 10.64150275604743], [6.719780155130081, 10.643503330314502], [6.723182735594833, 10.642458199386454], [6.72663771325989, 10.64248675196211], [6.727136163403259, 10.642381310948792], [6.729607280051994, 10.641858574613593], [6.731720241695825, 10.642144110262507], [6.740939225265095, 10.643512775893953], [6.741807252702586, 10.64387826127279], [6.744228591876038, 10.64352800411416], [6.745325048012603, 10.643284348094255], [6.745836727183246, 10.6427551573247], [6.746053733592987, 10.642738024340417], [6.746287872987011, 10.642840815950933], [6.746464905431083, 10.642875080120916], [6.746733308095713, 10.642766577815337], [6.747275825019358, 10.642646653220538], [6.747484125092342, 10.642543087293689], [6.747624178313231, 10.64256099189629], [6.747961110217091, 10.64253243842137], [6.748162848836444, 10.642515741608236], [6.748427444670881, 10.642569994109977], [6.748603524732914, 10.642722279909322], [6.748807865990273, 10.642807843207436], [6.749469649204968, 10.64245482782809], [6.75034529030296, 10.642151208611438], [6.751057885213299, 10.642138737712628], [6.753170185855424, 10.642637571866487], [6.753931613952886, 10.643292397925848], [6.754712737203135, 10.642981067022674], [6.756368182245865, 10.64336854082552], [6.758701521857802, 10.644520067846884], [6.75989914902658, 10.645277941823622], [6.76535749425301, 10.643640518295342], [6.774862766203739, 10.64078903158861], [6.782283782870309, 10.639647484343982], [6.785304069627159, 10.639183043862431], [6.794942379187489, 10.64078903158861], [6.795904089901853, 10.641077620435908], [6.799229621849634, 10.642075538755137], [6.80297422258235, 10.6431989673585], [6.811096373199121, 10.640332087855597], [6.814443587801406, 10.63915061970539], [6.81662845563875, 10.638379097617303], [6.819104671443483, 10.635747909738313], [6.823499203225708, 10.631078719607274], [6.829479218191409, 10.62472534210093], [6.83009004581902, 10.614955902393035], [6.83028268779583, 10.61187458134691], [6.829791546442777, 10.604509355022742], [6.829479218191409, 10.59982681265734], [6.835101604255669, 10.59581089006059], [6.836068629963336, 10.593016623618325], [6.838716029920874, 10.585369110895783], [6.841384887702475, 10.574693679769553], [6.841928958654591, 10.5725183492425], [6.841652870383712, 10.567273139743634], [6.841125488150794, 10.557257652718533], [6.839519023783964, 10.549225806625714], [6.835503101187214, 10.537981032698553], [6.839519023783964, 10.531555176130496], [6.844338416884455, 10.528343200678194], [6.844625327596816, 10.528486628155406], [6.849157333344294, 10.530752182267463], [6.856386184674705, 10.537981032698553], [6.861205101134544, 10.550831795251213], [6.869102477897059, 10.5553569787416], [6.874302864285823, 10.553264617867853], [6.882088183722772, 10.550831795251213], [6.889317035952502, 10.546815871755143], [6.8957328803682, 10.544382094957768], [6.900235176112517, 10.54267406565566], [6.905256747600845, 10.540769576754599], [6.912609100129941, 10.537981032698553], [6.919034957597262, 10.530752182267463], [6.92659077364533, 10.517079853952168], [6.926622065555932, 10.5170232317368], [6.9266570437876, 10.516889124833313], [6.926615344022935, 10.516748746057829], [6.926412387721541, 10.516471766558823], [6.92636404016838, 10.51611673400015], [6.926191573582287, 10.5157179539205], [6.925788528018188, 10.515014249707917], [6.925505650765217, 10.514119907207998], [6.925161151965654, 10.51373151969392], [6.924523456192617, 10.513093825719523], [6.92392224501566, 10.512712318019112], [6.923603397578802, 10.51252196121959], [6.923451111779457, 10.512250702308108], [6.924304863378779, 10.51141313221035], [6.925252839646873, 10.511363638920841], [6.925922095328474, 10.511521272089112], [6.926922459803734, 10.511582741650273], [6.92746021841441, 10.511435215063159], [6.929557176622438, 10.511146952669776], [6.929857847861456, 10.511053258601066], [6.930015470237834, 10.510882831677407], [6.935901641847352, 10.500231743400263], [6.947949408738282, 10.491395950162996], [6.953519821182852, 10.48217868789618], [6.954133033812525, 10.468047142361797], [6.954374789564952, 10.462481499022033], [6.946342945270771, 10.450433731231783], [6.938311100077271, 10.433567046981693], [6.931773744662621, 10.412593992618724], [6.928428173121745, 10.403036118422165], [6.923050880194012, 10.382163048885673], [6.92476797106508, 10.375723839183877], [6.925667061086074, 10.372351675589414], [6.926263332287022, 10.370115280196046], [6.927470064192164, 10.368787713582151], [6.930211067386892, 10.3657722471915], [6.934295176581202, 10.361279487858155], [6.940587044056883, 10.360930442985591], [6.941671290997306, 10.360870167724102], [6.948752880141342, 10.360476493995066], [6.95117855134913, 10.360799788579413], [6.960800647931592, 10.362083435002546], [6.965060711282831, 10.362796782645432], [6.977213859831807, 10.36483001669194], [6.986279488307787, 10.361455916857153], [6.988912106108842, 10.360476493995066], [6.991198539780839, 10.359333038389082], [6.996943951302342, 10.356460571398316], [7.000393866683623, 10.3565502167192], [7.003381251743406, 10.356627463986342], [7.006392956269963, 10.356166840227559], [7.020236492120489, 10.354051589809046], [7.024765014793672, 10.350588798834053], [7.029108046898898, 10.347267151058247], [7.033890724277569, 10.343609809744976], [7.043528557197192, 10.326743126394206], [7.046628475323928, 10.322609900726377], [7.050757407628282, 10.317104340193168], [7.049954413765249, 10.310679436007206], [7.049150944160772, 10.301040648906849], [7.049124766694661, 10.300962114709876], [7.045938492067819, 10.291402816886546], [7.040316105104239, 10.288992882915238], [7.032284259910739, 10.287386895189115], [7.025858879084069, 10.280158043858705], [7.024682925576599, 10.278982091250555], [7.019433021616692, 10.273732184592689], [7.01712799086414, 10.2660474786083], [7.013609012046345, 10.258557837374326], [7.010661985861987, 10.252285513066], [7.009794712056362, 10.250439643774598], [7.009515945604448, 10.249045017413664], [7.009129047367708, 10.247109412869179], [7.008188725229559, 10.242407800379738], [7.003369331229692, 10.241604804718008], [7.002895831877197, 10.244918824444255], [7.002566338265922, 10.247227669221616], [6.996140957439309, 10.244817735250308], [6.990495205189632, 10.24083709755405], [6.989052067598891, 10.239004105654999], [6.987305640842692, 10.236785889157488], [6.984889030304544, 10.236814499289778], [6.984092712109032, 10.239998816991886], [6.982486726181492, 10.244014739588636], [6.978470801786102, 10.239998816991886], [6.974681336574463, 10.236588210077855], [6.970438956592602, 10.232769965661419], [6.967269710628671, 10.22247015257551], [6.967226027858942, 10.222328185597348], [6.965619564391432, 10.215099335166258], [6.960800647931592, 10.207067490872078], [6.959792271396282, 10.204042659840923], [6.959194182665442, 10.202248574412238], [6.954472543173381, 10.19199848304362], [6.947146416673831, 10.185381889262828], [6.947035953846239, 10.185271438126392], [6.942327022674021, 10.180562973702308], [6.939917564444102, 10.180562973702308], [6.936705112351092, 10.180562973702308], [6.932677748579295, 10.180562973702308], [6.928672791416261, 10.180562973702308], [6.927066802790762, 10.186184884025238], [6.923635006950065, 10.189126016052853], [6.921444415827182, 10.191003798686381], [6.916747418658474, 10.189242819100855], [6.915019035000512, 10.188594817996488], [6.911003113303082, 10.178956032694828], [6.905458926888002, 10.170948029428075], [6.903774261073352, 10.168515205912058], [6.90097410137372, 10.165205912123213], [6.894938946275374, 10.158073425847988], [6.888347626142092, 10.153129578267453], [6.885301114255071, 10.150844575416897], [6.883739794056282, 10.134451883347765], [6.882263803331909, 10.118955077914563], [6.882088183722772, 10.117111206916718], [6.892529488045511, 10.093015671336218], [6.901178837433463, 10.076381683068291], [6.906363009944982, 10.077836037003578], [6.914422035348707, 10.077836037003578], [6.926198006432912, 10.067742347631281], [6.94049739783668, 10.061013221682856], [6.952273368920885, 10.047554969786063], [6.983395575645375, 10.045872688074155], [7.008491546747507, 10.044804985961377], [7.018723487998614, 10.038302421719436], [7.033864020708052, 10.04419040726151], [7.058665472833354, 10.042849807672553], [7.064986705871831, 10.042508124650283], [7.08517408371705, 10.036620140007528], [7.091903209665418, 10.032414436177362], [7.100314617325751, 10.029891014059103], [7.103679179850303, 10.031573295771011], [7.105361461562268, 10.026526450635231], [7.112090588409956, 10.026526450635231], [7.123025417289227, 10.029891014059103], [7.124869790108789, 10.03296497415431], [7.138165950897985, 10.035778998701858], [7.149941921082814, 10.034937860094203], [7.156671047031239, 10.03409671788927], [7.166764736403536, 10.033255576583656], [7.175238455390456, 10.029301174809405], [7.179381846994715, 10.027367591940845], [7.188634395960662, 10.027367591940845], [7.200410366145547, 10.033255576583656], [7.207139492093916, 10.041666985143308], [7.213868618042341, 10.039984703431344], [7.216015815977187, 10.037407875073427], [7.222132205936589, 10.037260056206662], [7.226687907920677, 10.038840293644682], [7.229088306380277, 10.038420677172553], [7.232373714175594, 10.043349265955896], [7.240785121835927, 10.039984703431344], [7.250727177417332, 10.039417267193187], [7.254066943834459, 10.039226532678413], [7.258449077562943, 10.036620140007528], [7.264654636202522, 10.032187461682042], [7.270225047747829, 10.028208733246515], [7.273243427042587, 10.023513793726636], [7.277795315001811, 10.01643276216231], [7.280318737120069, 9.999609947740964], [7.280318737120069, 9.989039420732752], [7.280318737120069, 9.983628272826593], [7.280318737120069, 9.973534584353615], [7.281075477950992, 9.964994430648517], [7.283136844589762, 9.960546494425216], [7.284524440950236, 9.957552910338563], [7.286206721762824, 9.949982643084581], [7.285765170826039, 9.94114875820867], [7.285466670550477, 9.935183525399452], [7.285365582255849, 9.933159827763916], [7.287137508389321, 9.926072121431332], [7.287889004374108, 9.923066140190258], [7.289219553139901, 9.919644727921877], [7.293776989016862, 9.90792560568218], [7.295459269829507, 9.887738228736339], [7.295459269829507, 9.881468557428036], [7.295459269829507, 9.88000297455767], [7.295459269829507, 9.873726332604235], [7.295459269829507, 9.871756553821967], [7.296500206319536, 9.869848250896098], [7.294904709185005, 9.853045464376748], [7.292935847711249, 9.851568221796072], [7.288730144780402, 9.8406333929168], [7.291084290207891, 9.828863145118078], [7.292094707304955, 9.823810576696815], [7.292935847711249, 9.811193467004955], [7.291754221280314, 9.803512888009436], [7.291253566898661, 9.800258636327044], [7.285365582255849, 9.789323807447829], [7.278636456307481, 9.78680038532957], [7.273589611171644, 9.783435821905698], [7.26770162562957, 9.783435821905698], [7.260131359274851, 9.78680038532957], [7.256766795850979, 9.790164947854123], [7.251719951614518, 9.79437065078497], [7.2315325737693, 9.791006088260417], [7.223962307414581, 9.787641525735864], [7.22083711564045, 9.78588390421885], [7.214905262068214, 9.782546996746532], [7.210504054618468, 9.780071259381145], [7.207546711411624, 9.768899917797], [7.206725121367299, 9.765796661386844], [7.206550089015423, 9.765135299054862], [7.204740046915674, 9.758296013350389], [7.214709759347954, 9.748949050858073], [7.222237906853991, 9.741420903352036], [7.222709894446098, 9.74094891575993], [7.256019613914077, 9.712626559368289], [7.276364999045541, 9.689948173669336], [7.288153913172607, 9.667455700320374], [7.297851246138123, 9.64889827713381], [7.305647140703002, 9.627715322803965], [7.296139952296983, 9.613467633424591], [7.258871770615769, 9.589095192988793], [7.245751849967974, 9.57540836310551], [7.233942260427, 9.564821187847599], [7.248481863447296, 9.535011583018218], [7.251372950900986, 9.521033495999063], [7.22951844132308, 9.499803821888918], [7.218982277410248, 9.492680104003625], [7.200896645763635, 9.459821223670588], [7.205061080604423, 9.44413688980569], [7.219385302289936, 9.383831617934845], [7.221413446173642, 9.375293091103345], [7.221483595991231, 9.372122926032262], [7.222364165373961, 9.33232913418226], [7.227878334217792, 9.325762123623178], [7.232257439928958, 9.317718875026117], [7.233727065251912, 9.317936792449075], [7.235021017905694, 9.318508251354785], [7.237033771691245, 9.319565631049102], [7.249344537220679, 9.32284282893346], [7.263401960632052, 9.326584937644782], [7.273702986004025, 9.329327088374498], [7.289767676437179, 9.332846283029596], [7.333978564958841, 9.340772251937949], [7.353584683086694, 9.337771450791877], [7.378645291946725, 9.336468363724066], [7.389690693370824, 9.33589403058511], [7.433763433435729, 9.343470005836139], [7.473734246038646, 9.350340871234266], [7.496931786972425, 9.352404657049306], [7.509100988419902, 9.355031274573719], [7.520007012014048, 9.366549714897474], [7.521070696855247, 9.367551484113733], [7.542094113252745, 9.387351140842497], [7.614060356300456, 9.406058770595848], [7.646955230199751, 9.408684983425303], [7.667490758092072, 9.40136905793571], [7.670723203013438, 9.383922765123543], [7.67870924213787, 9.368351675689325], [7.692970024746899, 9.349402783012067], [7.720921160783007, 9.330640486169557], [7.724080473734944, 9.329254915981664], [7.731188924729167, 9.32613738463266], [7.751534309860574, 9.306998555139273], [7.763857841266429, 9.295858383157906], [7.770024775822776, 9.292334556994263], [7.792929648584447, 9.275596618788995], [7.808387301133109, 9.27284627793341], [7.82679843879697, 9.276432990989804], [7.872501407813786, 9.289969744708003], [7.897410242588649, 9.305919618695498], [7.919086634240841, 9.317365551179307], [7.940571875891408, 9.31417523589846], [7.983925663738432, 9.29785094986147], [7.996665297065874, 9.294660961034594], [7.99768833704718, 9.294114080600366], [8.000004922289406, 9.292875722236829], [8.01491910013641, 9.284903162151238], [8.044201242693248, 9.273268509634079], [8.060933895582878, 9.265762078057492], [8.072848737279458, 9.252256043381749], [8.078079180809596, 9.246327089223826], [8.078225136281048, 9.245200156861813], [8.083456039364762, 9.23681163784687], [8.087242992769973, 9.230739065555497], [8.078541300140955, 9.190477356444887], [8.070797604026268, 9.154648191660783], [8.070079072691101, 9.147037881193285], [8.067351248161629, 9.118146158618401], [8.0616469347583, 9.052055201786175], [8.0669788056274, 9.05029114921723], [8.09906714683143, 9.039674703724643], [8.137571263203256, 9.036153770680016], [8.15532115634636, 9.041472116644911], [8.174012300627226, 9.047072487305513], [8.191895424734128, 9.052430753276667], [8.232776338657175, 9.104816294836212], [8.253502011108992, 9.147244835880542], [8.255973879590897, 9.160197675982033], [8.258407754414407, 9.182891938312366], [8.271180705824975, 9.18314822620971], [8.285062878349208, 9.184910514308854], [8.28971661992614, 9.186421045295049], [8.300863142020432, 9.188508054303327], [8.308825975938078, 9.186372331717791], [8.318534892171613, 9.180361734406574], [8.32826385879008, 9.181125614955192], [8.33397657815658, 9.185101890040244], [8.336026784208798, 9.18817501916186], [8.338069452143543, 9.192402506370627], [8.343294226347496, 9.194487277865619], [8.345637501669387, 9.193908173823218], [8.346904593372358, 9.192081298213395], [8.350369022912105, 9.189351794649667], [8.355279534423005, 9.186778321662246], [8.358680989835875, 9.184294940958807], [8.364568352147785, 9.181391538188961], [8.38149642861731, 9.17742157004949], [8.387311935097784, 9.175717353872813], [8.389398589773123, 9.17219359335968], [8.389691685123239, 9.17169863888114], [8.39178180668506, 9.168169021982806], [8.395512581240666, 9.161951065289486], [8.40176486955312, 9.155939101908075], [8.412955283959263, 9.145178794565766], [8.418417930643045, 9.139926910298698], [8.419435521632067, 9.13876404462502], [8.424182891627197, 9.133338928448836], [8.424394787189726, 9.133096761706213], [8.429317816364176, 9.127470442906656], [8.430751800655116, 9.125831603845484], [8.4369678498864, 9.120651245358715], [8.441974640117621, 9.116478920765644], [8.446608542650154, 9.11261749270318], [8.45223954961557, 9.104426748095989], [8.454324722208185, 9.101393699959317], [8.456299781809548, 9.098521232968551], [8.462333678756295, 9.089772224308774], [8.462759175895314, 9.089155253412287], [8.465571185062174, 9.085077840569909], [8.466701507868322, 9.083438872905731], [8.4693616674071, 9.07958118512363], [8.471419334234952, 9.076597213890352], [8.473918915325726, 9.072973250914856], [8.47436904939218, 9.069972992060002], [8.47656154617846, 9.055354118297942], [8.479083060834625, 9.052202224752932], [8.481604971192496, 9.049050076699757], [8.486616134826818, 9.04278659812303], [8.490657805913088, 9.037734984781764], [8.493748928670186, 9.025370492853995], [8.494181632976051, 9.02363967922787], [8.498586655349925, 9.011305809215798], [8.500903981633485, 9.007332698845005], [8.504345893947914, 9.001431465389885], [8.50894260411792, 9.000640868681216], [8.514039039669967, 9.0006532667349], [8.517500190281623, 9.00121408216421], [8.521719933428244, 9.001897812434152], [8.533261299269611, 9.004377364723666], [8.53701640138587, 9.007324829777133], [8.541091919356631, 9.010523797435326], [8.547574042907797, 9.014216422749769], [8.55413150896203, 9.020359038738718], [8.557604107043971, 9.025926691163932], [8.562070748266478, 9.026682906790768], [8.562242069116223, 9.030166437031482], [8.564012388161245, 9.03267914912351], [8.568181203599693, 9.034106825569609], [8.571559452007136, 9.034215541014476], [8.5763475136269, 9.034392360319202], [8.575833551077551, 9.041987599048525], [8.569608880945168, 9.043986346792508], [8.567724347100977, 9.049468624777262], [8.566467992404, 9.050724980373616], [8.564023018147793, 9.0522460936823], [8.566833496668607, 9.060831069598237], [8.570730208732186, 9.063291549965129], [8.573490845026527, 9.066705432209972], [8.578966475222728, 9.073476753449484], [8.586617470120189, 9.082938194242331], [8.593631555252102, 9.090566538814755], [8.605246981163305, 9.100392904708826], [8.60991819207095, 9.10532769341836], [8.616389033627058, 9.110831818633585], [8.62071514139069, 9.114884376912528], [8.624244548746958, 9.123009595116798], [8.63030719791891, 9.13696670544914], [8.635703087027878, 9.14678382901053], [8.641136169398749, 9.15782642365059], [8.647151623948332, 9.167614501807861], [8.64980497471987, 9.173118754726772], [8.654774666117987, 9.18727111776792], [8.65634822788843, 9.197079659099018], [8.657807350029202, 9.207689285931849], [8.66148471834515, 9.195393561563662], [8.663496971208303, 9.193552971292661], [8.667521476934667, 9.18986988059055], [8.673289298662269, 9.1901264202981], [8.677312851107217, 9.186444282877403], [8.681159018573908, 9.186614990389558], [8.687015533240299, 9.184944152550656], [8.690773009566783, 9.187042235810566], [8.696332932319024, 9.187096597130278], [8.708078384010264, 9.187809943873845], [8.712013245315063, 9.186054229818922], [8.721716880729502, 9.184555053672852], [8.733431815725737, 9.181214333974367], [8.739396095253653, 9.180125236990136], [8.746224402933876, 9.178644180384651], [8.748991965806624, 9.1780433649094], [8.755027771114783, 9.17252063901634], [8.761064528805036, 9.166996956244589], [8.764998435929101, 9.165241241290289], [8.765505444021073, 9.163689176914033], [8.767553328923043, 9.15742015761424], [8.767710685999418, 9.149915694653657], [8.767901421413512, 9.144135474872314], [8.767522812228037, 9.136285781963295], [8.764768599791068, 9.128550528684002], [8.761279106145878, 9.120674133104785], [8.761367284672474, 9.118769099214603], [8.761625239912917, 9.11319616956763], [8.76006889296508, 9.105176925674641], [8.763680617966202, 9.101872454949898], [8.764093398691443, 9.101494789153264], [8.768506050014253, 9.097863197228833], [8.768846511757147, 9.095305442592178], [8.774152756444607, 9.092288016578777], [8.778176307990293, 9.08860588185604], [8.780188559954127, 9.086765288887023], [8.784123421258926, 9.085009574832043], [8.791902541669003, 9.08342361500786], [8.793640239605395, 9.079827967186986], [8.795664787100293, 9.075638771312299], [8.799438477303909, 9.071156501671283], [8.796550750616689, 9.066255568839495], [8.794805527153414, 9.062317847690565], [8.793061256072178, 9.058379173260278], [8.789483070387462, 9.052428245966837], [8.789750098888021, 9.046648978567532], [8.789928436248374, 9.042796135433377], [8.794041634014263, 9.037186623164189], [8.798154830880776, 9.031578064176358], [8.806030273178635, 9.032741546785019], [8.811725615844523, 9.03030204760148], [8.823241234095747, 9.03076171897817], [8.82454776826495, 9.030656699746942], [8.838712692137108, 9.029518126560333], [8.844481468045387, 9.029773712087206], [8.850249289772933, 9.030030250895436], [8.861964225668544, 9.02668953029763], [8.865810394034497, 9.026860236910466], [8.875513077066898, 9.025360106583719], [8.885354995836451, 9.021609305924756], [8.888392447953152, 9.022071838044951], [8.894920348795097, 9.022360802808862], [8.89816474930376, 9.02104854625344], [8.907392502162281, 9.019323349792785], [8.908477932610538, 9.019104667046804], [8.916338921004467, 9.017520905165668], [8.91817678183304, 9.017146484122975], [8.924118995595222, 9.015935897723523], [8.929887772402822, 9.016190529069718], [8.943020821353855, 9.015581131364172], [8.951128006352462, 9.01520442964079], [8.954884529397589, 9.017301558720021], [8.960741997345337, 9.01563072178044], [8.963749886048447, 9.01576423603069], [8.966815948297437, 9.015042306157568], [8.96952724508634, 9.016020774838921], [8.974201201624226, 9.016228675612922], [8.97766304021718, 9.016536713198832], [8.983613014229263, 9.017694473421273], [8.989495277385174, 9.018838882308614], [8.992649078392276, 9.018939018221147], [8.995292664325063, 9.019022942055187], [8.998668670722623, 9.020369530229686], [9.000943183880906, 9.021277428210794], [9.004336357437012, 9.021059035945825], [9.008892059421044, 9.020766258955746], [9.01227760312895, 9.021788596566523], [9.016324996601384, 9.021977425417901], [9.020171164967337, 9.02213096577151], [9.023927688911783, 9.024228095750061], [9.027773857277737, 9.024398804161535], [9.039221763773412, 9.026837349164396], [9.044990539681692, 9.027093887073306], [9.049556732257429, 9.026164054627486], [9.052770615171823, 9.0255088814298], [9.054117000099552, 9.02490813070574], [9.056705474677983, 9.02375316737482], [9.06015396103652, 9.020597458006307], [9.062741279986142, 9.01822853132171], [9.0669631958948, 9.00792694117547], [9.069081306157386, 8.997752189611901], [9.069753647412938, 8.995417595445701], [9.0698366170663, 8.991868973174633], [9.07073783937983, 8.987840651624822], [9.06836795761518, 8.979869843418612], [9.067069054193553, 8.96629810427413], [9.069081306157386, 8.964458466385167], [9.071182251060065, 8.960689545286357], [9.073461533323155, 8.953068734334693], [9.071894646320914, 8.945277214072235], [9.068227767697351, 8.941252708345871], [9.062547683828598, 8.939070702151241], [9.053290366657166, 8.930936812683797], [9.045992602976298, 8.922930242936388], [9.045955657927323, 8.922889708693162], [9.044300078885556, 8.917024611796421], [9.044477462964608, 8.913171767762947], [9.040810585240365, 8.909148216217261], [9.039065360877771, 8.905209540887654], [9.031820296569492, 8.895235062048528], [9.028508186103977, 8.883504868255102], [9.026763915922004, 8.879566193824814], [9.02519702891982, 8.871774672663037], [9.023541450777373, 8.865909575766352], [9.01804065665101, 8.859873772256833], [9.01620674114821, 8.857862472675038], [9.01061630170102, 8.853753089833276], [9.003014565369938, 8.85148525234257], [8.999079704065139, 8.85324096729687], [8.99590035062073, 8.852455360026909], [8.989554405111733, 8.850887299409408], [8.985619544706253, 8.85264301256501], [8.973994255030902, 8.854057311595682], [8.966391562720503, 8.851789474104976], [8.95878982459078, 8.84952163661427], [8.957044601127507, 8.845582962183983], [8.95530033094559, 8.841644286854375], [8.94979858443719, 8.835607529164179], [8.950065612937749, 8.829829215945608], [8.95109939622023, 8.82714271526413], [8.950968741814052, 8.824192046825544], [8.950596809195417, 8.815776825140404], [8.949033737117304, 8.810478210301198], [8.945146560565377, 8.799559592601156], [8.93832683601471, 8.79367256213908], [8.932709693897323, 8.785508155976686], [8.929040908711045, 8.784493446415468], [8.923966407623652, 8.782485009375705], [8.91915130608794, 8.78329563128841], [8.915580750251479, 8.783896446763663], [8.907889365901553, 8.783555030840034], [8.903882979715775, 8.779159545776452], [8.900554657171767, 8.775506972668722], [8.901088715072206, 8.763946533106093], [8.904689789402312, 8.758125305138776], [8.904410361948692, 8.75503444678236], [8.900775275258809, 8.752103124559596], [8.89937114666111, 8.750970840332059], [8.896033286806812, 8.748279572344416], [8.891933441275341, 8.740353583651029], [8.892136573843857, 8.73293018288166], [8.896886826166167, 8.727269172734168], [8.90283680017825, 8.71933078778568], [8.907656669919447, 8.71021938381756], [8.910737990965572, 8.702993394129862], [8.911806106766448, 8.698771477321884], [8.913947104775104, 8.686176300296097], [8.919514198721345, 8.681926706852096], [8.919826508086942, 8.68168830916818], [8.921548836609588, 8.680373797113077], [8.92570686288144, 8.677200317140944], [8.92921829189072, 8.673177718876673], [8.932219504926252, 8.671403885281109], [8.934799194027619, 8.66788101239888], [8.940243721170816, 8.667230605607983], [8.940459250893753, 8.662574767711419], [8.941023827287836, 8.659605025551514], [8.941788672809025, 8.65558338236724], [8.942276001036646, 8.652189254630457], [8.944498062135892, 8.64666748022006], [8.947323798554521, 8.639648438025063], [8.949756622070481, 8.63394260386815], [8.951176642588052, 8.621312141042552], [8.958310127110735, 8.612245560184476], [8.964166640877806, 8.608907700330178], [8.970023154644934, 8.605570792857861], [8.977794647005396, 8.605191231290348], [8.980529784821783, 8.601173401231506], [8.98343181612546, 8.596580505086308], [8.983180046422035, 8.585113525768634], [8.98102188125489, 8.578203200817086], [8.982412338358756, 8.574304581291415], [8.983222007889424, 8.572034837237993], [8.986305237296904, 8.566468238818231], [8.987382888609488, 8.564522744429155], [8.98606872639067, 8.561980246790995], [8.98409462007072, 8.558160781994559], [8.984020232647651, 8.553231239030481], [8.978455544387884, 8.549236297617085], [8.974966048944054, 8.54135894785719], [8.975144386304407, 8.53750610382366], [8.979003906005516, 8.530584334999105], [8.982460022212308, 8.527254104993006], [8.98825740825282, 8.52288532259962], [8.990618705988538, 8.521105765718573], [8.994738579421949, 8.519574165415463], [8.996002859844168, 8.518417300018427], [8.997275351975986, 8.517252921685042], [9.005145072786945, 8.513740540293725], [9.010276794138804, 8.515272140596835], [9.013636589357134, 8.512063025887983], [9.019470215378192, 8.50987529820651], [9.024535423770828, 8.511984229988286], [9.026385306736586, 8.512754439965477], [9.032154082644865, 8.513010979673027], [9.03677654310303, 8.512515068315793], [9.040200233354142, 8.514883995000446], [9.043380737031441, 8.518355370004372], [9.049360275356491, 8.519665718198382], [9.054130553782102, 8.516071321334437], [9.05916214012069, 8.512280463972274], [9.059518813942134, 8.504572868443177], [9.059874535381539, 8.496867181275434], [9.063793181909887, 8.49348068158821], [9.066352844008577, 8.49252033334676], [9.069934844617421, 8.487661361982305], [9.075792312565227, 8.485990524143403], [9.08010959618099, 8.488046646835357], [9.083287239114838, 8.486323356937419], [9.08830356575703, 8.483602524636865], [9.095366477780772, 8.477988243262871], [9.10141277278126, 8.473614692664], [9.102123259680752, 8.46986293782436], [9.103188514738235, 8.464233397653231], [9.100202559600518, 8.458116531053122], [9.098458290317865, 8.454178810803512], [9.096802711276155, 8.448313713906828], [9.09715843181624, 8.440607070759768], [9.10109329222172, 8.438851356704788], [9.111243247677805, 8.438022615251555], [9.118428230078791, 8.438163756652102], [9.121526718283462, 8.438224791840696], [9.12443447107404, 8.43409633617705], [9.127536774202838, 8.433738708174872], [9.128458976800403, 8.430414199655615], [9.132393837205882, 8.428657532319335], [9.13675594303237, 8.435445785994261], [9.138598441664783, 8.438313483880222], [9.145819664046314, 8.443388939148292], [9.148897171067631, 8.446765899726529], [9.152475356752348, 8.452715874637931], [9.156231879797474, 8.45481300371722], [9.158065796199594, 8.456825255681053], [9.165346581579513, 8.46131670200424], [9.174925803882786, 8.46722602755915], [9.177026748785465, 8.463459014821751], [9.177357386334336, 8.463702000846695], [9.182617187333392, 8.467567444382098], [9.184629440196545, 8.465726852312457], [9.202290535180111, 8.458788872308673], [9.21199417059455, 8.457288741981927], [9.215840339859824, 8.457459450393344], [9.233145714303305, 8.458228110838718], [9.244682311939187, 8.458740234274444], [9.254297256213476, 8.459166527313414], [9.261898994343142, 8.461435318085535], [9.263910293924994, 8.459594726915157], [9.26633087766794, 8.460691635410683], [9.267929140217689, 8.461415899923907], [9.273346900838874, 8.463871002344945], [9.277860816723376, 8.462952284620314], [9.288908005100382, 8.460703850002744], [9.290740967321824, 8.462716102865897], [9.298343657833584, 8.464983940356603], [9.304949760123407, 8.46661663075298], [9.30786895768631, 8.467337608244065], [9.311624526550702, 8.469434738222617], [9.321233749338091, 8.469747543114693], [9.328753471095865, 8.474056243600785], [9.335134543224626, 8.477619826094156], [9.336265563904703, 8.478251456839303], [9.337500862774618, 8.47861993875921], [9.343868256215103, 8.480519295229328], [9.351559638766389, 8.480860710253637], [9.355316161811459, 8.482957840232189], [9.366942405667544, 8.481543541201518], [9.37279987271603, 8.479872704261936], [9.380579948206105, 8.478287696819791], [9.38853836105659, 8.472849846243435], [9.396408080968229, 8.469338417234212], [9.408212662184667, 8.46407127417001], [9.416171074135832, 8.458632470312295], [9.426897048959688, 8.453403472892035], [9.436223030268707, 8.45013427717521], [9.442103385962525, 8.445646286047293], [9.451294143410053, 8.441302117198973], [9.45613002827821, 8.43901634183078], [9.463170051656618, 8.434550285167575], [9.470183372364772, 8.43123531305929], [9.48416042336487, 8.426905632289163], [9.488836288264167, 8.424695970142977], [9.492066583805865, 8.42359958865012], [9.501660347247253, 8.420343399828084], [9.510963439910881, 8.41822433538482], [9.520290375400577, 8.414955138768676], [9.52799987839171, 8.415335655416186], [9.532260895024308, 8.41412067402996], [9.539549828262011, 8.411066054754656], [9.541556357839681, 8.409868239627599], [9.545229912130765, 8.407674788660643], [9.549492836225454, 8.405279160205112], [9.553863525181612, 8.403589248644948], [9.557150841338284, 8.402318001174876], [9.55923366490174, 8.401512145669017], [9.569181441970045, 8.399789810851132], [9.573287964068356, 8.398659705680927], [9.580995559597454, 8.39771843026142], [9.588587761316205, 8.396791458558994], [9.59453392040416, 8.393193244972338], [9.598380088770114, 8.393363953383812], [9.601553986927001, 8.392717346228608], [9.60501484435963, 8.385843002252784], [9.610956836888533, 8.37867121020821], [9.61553543471257, 8.374386778826818], [9.61683597220241, 8.371847741779902], [9.614020347760913, 8.36040210697172], [9.611920357038912, 8.350004195837016], [9.612112999015721, 8.340802194165974], [9.612330437100013, 8.330449104342733], [9.613750457617584, 8.317818642416455], [9.617529869308044, 8.302932739254572], [9.615386962938032, 8.294836043948294], [9.609673499832184, 8.291272162880034], [9.600370407168612, 8.293391228222674], [9.592200278619998, 8.296684265866247], [9.584076880643579, 8.2976760858827], [9.56665039090285, 8.300786972141111], [9.561973571822932, 8.302996635186616], [9.553747740166102, 8.304090638871912], [9.553628572800449, 8.30410648762438], [9.54688644355457, 8.305003165663607], [9.543439864658069, 8.30378532443325], [9.535340308608397, 8.30362701407546], [9.52493000031933, 8.303422928225586], [9.51801013895681, 8.302137375239738], [9.51220321740459, 8.303174019265612], [9.504056930782781, 8.305315970555625], [9.498296738004115, 8.304052353833129], [9.49250984165593, 8.303939818967535], [9.483206748992302, 8.306058884310119], [9.475036621343065, 8.309351921054372], [9.466866492794452, 8.312644005416587], [9.452839851378087, 8.31927394873378], [9.44351291678771, 8.322544097731964], [9.431823730280996, 8.328068732885754], [9.420156479138257, 8.33244323676604], [9.408443450704738, 8.339118958273332], [9.40140628806978, 8.343584060755859], [9.389717101563008, 8.349109650090327], [9.382753372170441, 8.350123404571491], [9.376966475822258, 8.350010872403914], [9.367830275746655, 8.344078063751681], [9.363276482123979, 8.34053707132881], [9.359950066142687, 8.3335676204494], [9.356623650161396, 8.32659721359056], [9.354546547185464, 8.315049171182352], [9.350183487178242, 8.3023061752898], [9.34685707119695, 8.295336724410333], [9.342466354338853, 8.283742904711346], [9.335693358561684, 8.275555610802826], [9.330030440952157, 8.2696914671875], [9.32551956207817, 8.263849258036885], [9.323423386280297, 8.253451346902182], [9.324937766364883, 8.24856106294277], [9.325902938569811, 8.245444297816164], [9.329566955550604, 8.236310006101974], [9.33616542799217, 8.232561111106463], [9.341457367163798, 8.229338645961775], [9.346748352154805, 8.226116180817144], [9.353749274809218, 8.222970962939655], [9.358958244327539, 8.221475600818394], [9.364250182599903, 8.218253135673706], [9.3712491986916, 8.215107917796217], [9.374833106762537, 8.211809157766481], [9.380124091753487, 8.208586692621793], [9.380603348565728, 8.207929612861392], [9.38213920625941, 8.205823897954588], [9.384363173921372, 8.204757689615747], [9.390469550829152, 8.201828003259777], [9.397533417033628, 8.196212768604425], [9.405823707598074, 8.187169074593157], [9.411823272925744, 8.176929473816188], [9.406276703307242, 8.165313720551808], [9.400613784798395, 8.159449576936481], [9.391429900869298, 8.155817031730692], [9.386946677946867, 8.148825644587873], [9.391909599248663, 8.13281154641578], [9.392170616680687, 8.120218445025273], [9.392219543397232, 8.117857933297046], [9.392556190216055, 8.10175418890475], [9.395036696686248, 8.09374809310009], [9.398653029813545, 8.086914062134326], [9.403423309138475, 8.080102920713273], [9.414026260303729, 8.071104049812106], [9.415376663402355, 8.061924934088495], [9.404143333348202, 8.045594215200936], [9.396162986932325, 8.039684296093412], [9.387053490426297, 8.032602310348409], [9.37905025536503, 8.027843474896486], [9.36882972741006, 8.018436432295573], [9.359693527334457, 8.01250362364334], [9.351713180918637, 8.006593703636554], [9.346026421382305, 8.001879692194109], [9.3393230439234, 7.990242003565641], [9.335517882844044, 7.985507965120519], [9.32869882469106, 7.981776891090703], [9.319115639075505, 7.976533412786807], [9.314585685580994, 7.974054812879388], [9.305362700927958, 7.96900796864287], [9.281080245756812, 7.955854892689217], [9.250726700376958, 7.944725036831016], [9.220373154097842, 7.926513195227813], [9.20975398995472, 7.921768665291722], [9.186791420287875, 7.911508559972106], [9.185278703949052, 7.910832655602633], [9.185225648444941, 7.910808948574186], [9.179125786226109, 7.90808343889961], [9.176133937831025, 7.915064944291771], [9.17552566517736, 7.916484355968294], [9.163802147051513, 7.936775208009465], [9.1457662578066, 7.970141887837883], [9.134352826821555, 7.988639704858542], [9.132690430019352, 7.991333961293321], [9.114654540774495, 8.008017539977516], [9.098422050337376, 8.027856827130904], [9.093428612340631, 8.034061431589862], [9.083541869561657, 8.04634380282431], [9.067675591155648, 8.06752014174117], [9.062466620738007, 8.074473382340784], [9.057020187032037, 8.077641487065023], [9.050175667273265, 8.075201987881485], [9.025375366280173, 8.062576294160692], [8.964084069624164, 8.061274176562051], [8.910846710007718, 8.056263923941003], [8.900515029445103, 8.058348799757368], [8.841858864195274, 8.067085267371226], [8.819765090886278, 8.070241928222458], [8.782186511798102, 8.074993379341038], [8.780536652444596, 8.075201987881485], [8.704642773245439, 8.094379558369951], [8.696668624957113, 8.096394538876893], [8.691035314827957, 8.098272279242337], [8.637149811114966, 8.116233826030282], [8.601143408841267, 8.125482754325674], [8.58986976128051, 8.128378603689669], [8.588001250657214, 8.128858565570397], [8.560496330341437, 8.140131949629847], [8.52442455275093, 8.157265663279759], [8.512680054341104, 8.157776833434184], [8.503683090002653, 8.158167838874704], [8.501318229153014, 8.156955077015255], [8.486098289004872, 8.149149895151595], [8.466258048570126, 8.139229774934222], [8.42657852188131, 8.11217594106688], [8.413679835356163, 8.099922120609449], [8.403501369592561, 8.090252525433755], [8.390913337680445, 8.078293828297603], [8.371117592103246, 8.04634380282431], [8.363452911322838, 8.016584396352869], [8.360296248672967, 7.987276077229239], [8.360296248672967, 7.962283598309455], [8.344406738979842, 7.973415652110702], [8.339716166567882, 7.960989481979084], [8.347916116635531, 7.928151386777131], [8.370844288133412, 7.902228233646099], [8.373993544866266, 7.899226581741402], [8.375716723248217, 7.897872889822054], [8.379281919125333, 7.896342624112833], [8.381896395802073, 7.89493006527033], [8.384986231629341, 7.894223781802111], [8.389026786656927, 7.892634644673137], [8.39110648507625, 7.890456929144023], [8.391997784270359, 7.886572323753796], [8.391819524251673, 7.883688276193027], [8.391581844226778, 7.880686490289349], [8.39187894425794, 7.878803006853332], [8.393423861721885, 7.875271449218076], [8.39417893071311, 7.872868443623815], [8.39664399042789, 7.864723687648109], [8.398474556855376, 7.857377767969638], [8.398501516731642, 7.85565832717009], [8.398878917228274, 7.852544581067605], [8.399365856049485, 7.850255397268825], [8.400030695160524, 7.848415844815406], [8.400613674381589, 7.847194506121582], [8.400902214665507, 7.844856409995373], [8.40103407326393, 7.841720967748529], [8.40116950307015, 7.840372876806896], [8.401506974567269, 7.838208151984702], [8.40377766740545, 7.834470839357778], [8.405991763209329, 7.829635437425566], [8.406354821318018, 7.827493897125692], [8.40634555020705, 7.825205813197783], [8.406254557701743, 7.819723963290301], [8.406704139584406, 7.817674504574768], [8.408664392747596, 7.811888139725909], [8.410270257266632, 7.808094352372507], [8.412384611960306, 7.804854793813718], [8.414997619144856, 7.801394641449576], [8.415759319736878, 7.79995769119455], [8.415790063960344, 7.799502636937177], [8.415692982145458, 7.798464732961122], [8.415590859630527, 7.797590958855722], [8.4153620037535, 7.7972408213069], [8.415424660419774, 7.796161364155694], [8.415570541247519, 7.794649421233828], [8.41571901931735, 7.793884187205549], [8.415307848378575, 7.793073265818634], [8.41546965170312, 7.792048194268773], [8.416183490375829, 7.79045395708448], [8.416944917573915, 7.789882884887277], [8.417446508149908, 7.788139216351794], [8.418542964286416, 7.78564173427867], [8.419207308770353, 7.784762284551846], [8.420060107987638, 7.782645516077764], [8.419709850829008, 7.781619493944561], [8.419355786840129, 7.780682937267784], [8.419081674379811, 7.779529374181323], [8.418978880970656, 7.778193068855103], [8.420590565901932, 7.77424471142433], [8.420535988744916, 7.774232693783858], [8.41199397973844, 7.768508910957507], [8.403155326657043, 7.766182899021601], [8.385478019594984, 7.768043518093918], [8.372159004334605, 7.770002364717413], [8.362218857114613, 7.774556160138729], [8.345472335779732, 7.784325123205917], [8.328724861163437, 7.791768074337199], [8.318233704721763, 7.795928418162021], [8.301744461437806, 7.802467345591594], [8.274763106632122, 7.814562320594689], [8.25150394415175, 7.822470187948852], [8.238116328605713, 7.826932785819452], [8.215219497581813, 7.834565163851266], [8.191029549374264, 7.848986148991628], [8.18544769305663, 7.852242470913325], [8.183121681120724, 7.853172779100532], [8.180357933172104, 7.852580546754893], [8.175678253348735, 7.85503339817285], [8.159862517741033, 7.859685422044663], [8.139393805879479, 7.861546040217604], [8.11380863236252, 7.863872051254191], [8.095201491955322, 7.868988991348942], [8.072406769057181, 7.877362251566694], [8.070824429004233, 7.87831662830979], [8.064137560400127, 7.882348460812864], [8.064116740195459, 7.882361014449316], [8.040774344560418, 7.896435262377508], [7.994720935822556, 7.922950745880257], [7.980317342671299, 7.93367679085128], [7.972856997752274, 7.939232349193617], [7.931921004850551, 7.957374573377933], [7.903079032771188, 7.969004153718743], [7.892915690906477, 7.974630446438027], [7.877028942132029, 7.983425139758424], [7.867259979064841, 7.986216068816589], [7.838418006985478, 7.985285758830742], [7.810972214396202, 7.991333008011964], [7.782595634281165, 7.998776435783952], [7.760732173750853, 8.003428458756389], [7.738402842816981, 8.006218910274526], [7.727778301627382, 8.008150779934567], [7.697466849915259, 8.013662338046515], [7.676837921133199, 8.014471054295768], [7.672781974208817, 7.991939774301215], [7.671111106692251, 7.982657909235172]]]]}}, {"type": "Feature", "properties": {"disco_name": "KEDCO", "color": "#7B1FA2", "states_covered": ["Kano", "Katsina", "Jigawa"]}, "geometry": {"type": "MultiPolygon", "coordinates": [[[[9.19463772275276, 11.326604728625398], [9.188701710715407, 11.322892863215088], [9.18676576982449, 11.320563995032387], [9.179179033285834, 11.31922159230271], [9.178145971259596, 11.318315145827341], [9.182395291309717, 11.311052710214426], [9.181376161580658, 11.31047217624996], [9.181842535604574, 11.309696280758772], [9.180609022788246, 11.308950081780893], [9.180426281447751, 11.30852368172259], [9.178796851993184, 11.308432332186442], [9.178740202798167, 11.308501034095514], [9.174776019997353, 11.306259581814288], [9.169493617236697, 11.308163150708879], [9.161436761897107, 11.314592454378328], [9.142956642635, 11.315641820213898], [9.141530564284153, 11.316368965255606], [9.141131261698433, 11.317543579672531], [9.141416478088047, 11.318885989596765], [9.14130239189194, 11.320284328359094], [9.140332658325576, 11.321570793257536], [9.140389702322977, 11.323136915836074], [9.141530564284153, 11.324143705967288], [9.142226158410551, 11.326206317267804], [9.130239278320062, 11.328809710699659], [9.12957671719181, 11.328953610320923], [9.12869586002597, 11.327499642194766], [9.126428569323082, 11.327854628888076], [9.124075366385114, 11.327723370137448], [9.123579446034682, 11.326305205820631], [9.120638510059223, 11.32470584699729], [9.117857657005288, 11.323866857769303], [9.116431578654499, 11.321839292149662], [9.116203412557468, 11.318885989596765], [9.114862891209498, 11.31694510603188], [9.111226391684681, 11.31435814591174], [9.106876853883762, 11.310232943995231], [9.10181427420946, 11.30680688492987], [9.100530804952712, 11.308415040022112], [9.099247332998061, 11.310442701869249], [9.0958247462151, 11.311631324126381], [9.091831726652913, 11.313239453138294], [9.08862304901453, 11.314218310326794], [9.084915245841955, 11.314917490949483], [9.083132649252434, 11.31386871866647], [9.082990040158279, 11.311771162409286], [9.082513135073157, 11.31060205723918], [9.081991786391882, 11.30932399470663], [9.07996933971333, 11.307462557251256], [9.077397447734086, 11.306796629061239], [9.075285369224446, 11.306249756720945], [9.074022007010058, 11.304156192554274], [9.07254117973173, 11.301702240366126], [9.070046263424388, 11.299601880922125], [9.068737049275455, 11.297795678927514], [9.06554170138844, 11.296378910358499], [9.062585235020606, 11.292997350647283], [9.055828071808094, 11.290914384091593], [9.053672244878271, 11.28856883618289], [9.05111718820774, 11.287286885881144], [9.047581801259184, 11.286275258296598], [9.044818675641409, 11.285946657712145], [9.042025938945983, 11.283149640243778], [9.040302760563975, 11.280294323324426], [9.03780712389971, 11.278079975710341], [9.034776707179333, 11.27691452358647], [9.031865129572111, 11.277438977626787], [9.028654341224922, 11.27761819362479], [9.02669559622484, 11.2771476161696], [9.021407221965774, 11.269513790229269], [9.018733327081407, 11.265259739745261], [9.01897100530772, 11.26211286621583], [9.018231174429218, 11.259655824856509], [9.018625664742672, 11.25900264455646], [9.01938694625062, 11.25774215207872], [9.017285334950316, 11.256514591874975], [9.015015425421609, 11.255492267753993], [9.014064840220271, 11.2533968977487], [9.012205654667298, 11.251597044068376], [9.009974717259468, 11.250846801738533], [9.009320822897735, 11.248804251614956], [9.008019269173985, 11.246542221046695], [9.005646426841167, 11.24524694818814], [9.00358692269839, 11.244283356092069], [9.002671891294824, 11.242367352271515], [9.000313146734356, 11.24008379283282], [8.99984984479454, 11.235929664222681], [8.998850394030512, 11.234651015332133], [8.997850944165805, 11.233414982615386], [8.996503856867548, 11.23328711790623], [8.995765133054476, 11.232946142650405], [8.995634770028687, 11.230942903692096], [8.99550440700284, 11.229323254364772], [8.995634770028687, 11.227490481900247], [8.993766230627102, 11.226851140367899], [8.991897693024157, 11.22591343615619], [8.989768427570937, 11.22480523577309], [8.988204070361633, 11.224933105878165], [8.986813529620747, 11.225103597553016], [8.985249173310763, 11.224677366567278], [8.984727719408795, 11.22378227942869], [8.984466994256422, 11.222333083105354], [8.98420626640609, 11.220883879587404], [8.983424088251127, 11.220542889942465], [8.982294272662614, 11.220841257118366], [8.981338278039175, 11.221480612140567], [8.979817374272443, 11.221693729881792], [8.977861927086337, 11.220628137578558], [8.976694545017267, 11.219344271720786], [8.974993936920725, 11.217473961554106], [8.97403794139791, 11.215854236683697], [8.973255762343626, 11.213723007111128], [8.97364008492201, 11.212069650294154], [8.971898239312338, 11.210240130677562], [8.970344317836066, 11.208607987069001], [8.968823414069334, 11.208735864368691], [8.967519782911722, 11.208309608201887], [8.9668245134406, 11.207925979000777], [8.966782937782398, 11.205968012813571], [8.965372546306014, 11.20453290167211], [8.964177719626093, 11.203317128882418], [8.963261252904545, 11.202384592175235], [8.961305805718382, 11.20200095488019], [8.959524175900071, 11.20144680882322], [8.957612183055858, 11.201361555791209], [8.955874007579439, 11.200295888844266], [8.954787648131514, 11.198761320778374], [8.953962014735225, 11.197354627314269], [8.95322329002289, 11.195692162163596], [8.952354202284653, 11.195138005314732], [8.952223839258806, 11.194114942850376], [8.952788746603403, 11.193646038134204], [8.952658382678294, 11.192495086678946], [8.951789294940056, 11.192111434994786], [8.95039875509849, 11.191940922635524], [8.948834396989866, 11.192196690724757], [8.949138578282827, 11.193432898809306], [8.94870403396402, 11.19437070914097], [8.946444407283593, 11.193944432289754], [8.944662775666586, 11.19321976128299], [8.943359145408294, 11.191642527580655], [8.941838240742243, 11.191173618367827], [8.940238370204668, 11.191879290297038], [8.938158214030409, 11.190210012781904], [8.934972449319105, 11.188573293422792], [8.93261587122555, 11.185762358945738], [8.927835536580801, 11.181926153269387], [8.92576011983374, 11.180260618732632], [8.924326124750905, 11.180047470414479], [8.922631402717116, 11.17885383533627], [8.91989377737599, 11.177489674409003], [8.920936681582646, 11.173823461283746], [8.921023591165863, 11.172203491797745], [8.920284865554152, 11.171095088167817], [8.9191876998525, 11.170250399036718], [8.91941577961461, 11.16934720810724], [8.920111049984996, 11.16866510561016], [8.920458683821266, 11.167684581977937], [8.920154503427625, 11.166661424185406], [8.919536286970128, 11.165030546822322], [8.918677054002899, 11.163762453274671], [8.918274285429959, 11.163344512239519], [8.918112748304736, 11.162849806873112], [8.918173324839131, 11.162173374601593], [8.918195022782129, 11.162138503389258], [8.918456013234447, 11.161719053291733], [8.918884521303653, 11.16117132479684], [8.91824399626347, 11.160507530698055], [8.917991596135323, 11.160093594343948], [8.917961307868097, 11.159709945357747], [8.918334861964354, 11.159366682226675], [8.918920431232948, 11.159033512186909], [8.919556479448033, 11.158993128130419], [8.919697823196032, 11.15877101626944], [8.91954305077121, 11.158537268979842], [8.918590145319001, 11.157623360829461], [8.917460330629808, 11.156344368397924], [8.915939427762453, 11.154852200668586], [8.91552816779074, 11.154601359964829], [8.914871926198487, 11.154540784329754], [8.914669183036438, 11.154398528669219], [8.914662939043467, 11.154196510360691], [8.914528663067415, 11.153793678835257], [8.914292580238453, 11.153486724033144], [8.914750774029073, 11.153056669130024], [8.914851733720582, 11.152753789156066], [8.914770965607602, 11.152572061351577], [8.914609430281018, 11.152339851902696], [8.9143873166214, 11.152087451774548], [8.91425136970497, 11.151909675591128], [8.91412482070399, 11.15174418684478], [8.913755261396261, 11.151508691273136], [8.913181742143706, 11.151337632126058], [8.912963778855385, 11.15083554512438], [8.912994067122554, 11.150320649078765], [8.913135410870552, 11.14976536807734], [8.91252076831887, 11.148078890128716], [8.91233782642962, 11.147806739989107], [8.912347922218885, 11.147342322889926], [8.912246961628, 11.146686082196993], [8.911950009085672, 11.146512823308171], [8.911689008740836, 11.146442371318415], [8.911126303835886, 11.146423586279525], [8.910699926260634, 11.146175385985316], [8.91018737384826, 11.145464463813994], [8.90978236866141, 11.143546553430724], [8.90807107571959, 11.142203326022752], [8.906865783629087, 11.140779912363087], [8.905977334386534, 11.139891462221271], [8.905543207353162, 11.139649156983069], [8.904876868172948, 11.138619364891838], [8.903336495882627, 11.13761392194499], [8.902147986940122, 11.136959496983252], [8.900997727063498, 11.135375162234027], [8.901622525659093, 11.133670396571574], [8.90114984199164, 11.131419978049621], [8.89987809719645, 11.130853285550756], [8.898484797335584, 11.128603200677219], [8.898446665181496, 11.126452450420288], [8.896919142404556, 11.124423644635556], [8.894929714334921, 11.122861903554053], [8.894019449338145, 11.121391850153827], [8.893639162017735, 11.11943282636389], [8.893353945628121, 11.117053995445588], [8.891024685340994, 11.116167757635935], [8.888933103280124, 11.114348633282873], [8.888552816859033, 11.114348633282873], [8.887649633124113, 11.11355567765247], [8.88641369933282, 11.112016405232964], [8.884892548252537, 11.11094357338726], [8.883751685392042, 11.110990217624476], [8.883228789876796, 11.11187647072262], [8.88266786742821, 11.112342917591604], [8.881412916572913, 11.112119024173694], [8.879530494336905, 11.11094357338726], [8.876416802193717, 11.109895680641216], [8.872744650844993, 11.106642168201574], [8.868851456929235, 11.102537325137519], [8.856180749442103, 11.098483736235494], [8.855981099947826, 11.09935136797128], [8.845633803557234, 11.100829554840118], [8.836716002941216, 11.098446085218711], [8.83263485971105, 11.09761145320607], [8.827346487250622, 11.096386965985744], [8.824576335229722, 11.095837536872864], [8.822544174074437, 11.096677188001877], [8.820761409311615, 11.096450711730995], [8.81905028184508, 11.096467276343787], [8.817766810789749, 11.09685211513306], [8.817196379809104, 11.09772674899034], [8.815794681179625, 11.098794186702378], [8.814201614912633, 11.099126156147236], [8.813381620265602, 11.099895828329863], [8.812383364700565, 11.100945375828474], [8.811670326424462, 11.101959937900858], [8.811171199091632, 11.102729600190969], [8.810672070859425, 11.103289356218852], [8.808693386990285, 11.10409400033791], [8.805270799308005, 11.103674185115608], [8.805056888364732, 11.100105738189313], [8.80983424985078, 11.098496423870927], [8.811894039978029, 11.097126070212028], [8.812918144756622, 11.091849163208337], [8.804417609784934, 11.07912576624119], [8.802353822171199, 11.074312418383442], [8.801436442637794, 11.074222832417831], [8.800746284913146, 11.074222832417831], [8.798466418990074, 11.074487055033615], [8.797710682701904, 11.077967347714946], [8.795525949762805, 11.08367984764692], [8.794009475157225, 11.083288280130091], [8.79268908423387, 11.082900533832628], [8.792644604664815, 11.08197933667708], [8.793100111281149, 11.076670266319809], [8.793360545053133, 11.074662054110547], [8.794245676696676, 11.068756497614345], [8.790437682752895, 11.06821729559175], [8.791863761103741, 11.064205217596736], [8.793812734969777, 11.061499368001478], [8.791962762071876, 11.055535119050546], [8.788454056209787, 11.050209999391996], [8.787555846625082, 11.04744459489217], [8.786845276988004, 11.045256889693746], [8.786064878591333, 11.042854153896144], [8.784244538354812, 11.037249566314472], [8.782395543019959, 11.02765886416529], [8.781711978225246, 11.025007970341619], [8.780375263707526, 11.019260269146173], [8.77981053982461, 11.01153498665036], [8.782900376551197, 10.999811240995996], [8.786822091566307, 10.9938616977592], [8.7848612349581, 10.985578803219255], [8.784114838129312, 10.974309921165968], [8.786546392701894, 10.964024139302637], [8.787074006959926, 10.963219997005297], [8.78825855259015, 10.955789566235524], [8.789707185038594, 10.947680472875561], [8.788697242783599, 10.94225025214746], [8.777281469064576, 10.936807474185628], [8.773270622241455, 10.938265988384728], [8.770747535570365, 10.94182110016368], [8.766717375806309, 10.94172474500101], [8.767922828875498, 10.936369918936634], [8.76718007879765, 10.930098218757848], [8.765248932192492, 10.926597677840618], [8.762426484594641, 10.924555676303441], [8.759604037896054, 10.923534669689332], [8.757672890391632, 10.916241667918712], [8.756038842018995, 10.907635697329624], [8.753959145398312, 10.90398902197586], [8.752325096126356, 10.896695539967254], [8.749948298575191, 10.885609106974755], [8.749354100311507, 10.87612696019113], [8.749651199443349, 10.869853990169531], [8.75013622630587, 10.86687462436447], [8.749698648573826, 10.865641917340668], [8.748941546215462, 10.864394718641393], [8.747141462308662, 10.863583418639905], [8.745430167568202, 10.861832760573463], [8.745073648430207, 10.859451852221241], [8.745786686706253, 10.857210978204137], [8.766169519607672, 10.851136632449652], [8.766309738303846, 10.850179672853642], [8.767881392612253, 10.838580131667811], [8.769371033246614, 10.829299926750252], [8.77435398065171, 10.82013988474796], [8.776844977713608, 10.815560340837123], [8.77941703786604, 10.808650016784895], [8.785644530970387, 10.797200203726447], [8.791316985890262, 10.792035579778258], [8.792169571068882, 10.791371346810251], [8.797653198036699, 10.78709983778731], [8.807210922046465, 10.780420303154528], [8.815604210166214, 10.773699761235036], [8.821589469978107, 10.76924038023941], [8.828980445691059, 10.75782012879597], [8.8308548082029, 10.7535676692126], [8.831182675839841, 10.752823816565922], [8.832083685014084, 10.749538797277694], [8.83416652656399, 10.742839813906357], [8.83798408479771, 10.733639716999392], [8.846459389289407, 10.7245903024006], [8.851278304849927, 10.720089912319622], [8.85521888674225, 10.707400322666786], [8.854828572880365, 10.702256292294123], [8.854420661984022, 10.696880341154895], [8.852458953717814, 10.686329842048622], [8.848175265176394, 10.67994038374178], [8.824746568799185, 10.675278695755253], [8.821880200111195, 10.672254869266851], [8.78190525422417, 10.601013806242236], [8.783176767893565, 10.596968705141705], [8.779194469149502, 10.598132018677745], [8.770643248387273, 10.58728475408816], [8.765129077744803, 10.584668047092748], [8.760375485340433, 10.581864407916157], [8.758464232638289, 10.573133635708757], [8.749727432275222, 10.565042037759895], [8.736037080646781, 10.560929762698436], [8.728100836984083, 10.555011093187431], [8.719494571417385, 10.548592608362242], [8.711128244972599, 10.543358511785925], [8.703522493168578, 10.549340327194386], [8.683900559563199, 10.57155325078196], [8.666434260432823, 10.59330276271237], [8.660872554324953, 10.601900187044066], [8.656370899797253, 10.610674917213714], [8.649561700012498, 10.624065508616354], [8.643929963696905, 10.63047962093782], [8.638812115286953, 10.630528219401867], [8.62808031825216, 10.634655306297418], [8.616594808403761, 10.639072245587727], [8.615607464313086, 10.639751540401335], [8.600854471956382, 10.643814353649532], [8.593646539756037, 10.645065435621405], [8.587532023084464, 10.642532716311848], [8.582732029259773, 10.6413327194295], [8.553934643768855, 10.636182302970951], [8.543728701018779, 10.631778795954745], [8.53454247435576, 10.632666846797576], [8.533056724188498, 10.633424007611893], [8.530476439735935, 10.634738954938882], [8.522645557946191, 10.637551079218952], [8.519031304950829, 10.64169521456256], [8.514212301256748, 10.643323252765924], [8.50954389083796, 10.647911313256543], [8.506330352363932, 10.650457082628293], [8.506919937105465, 10.653515084253797], [8.5073994340367, 10.655850540869835], [8.500997291691704, 10.660526798772821], [8.498228799819287, 10.664692858688511], [8.497382887610229, 10.67977970097246], [8.489836804025344, 10.697424197169028], [8.48966377176572, 10.702864907589458], [8.483955412312469, 10.70925745596685], [8.481234260752558, 10.715861896309491], [8.48754923181167, 10.71961879527123], [8.501429727999607, 10.725783977948254], [8.520602249694093, 10.731401415942628], [8.539378994145295, 10.733442759176057], [8.54458790700636, 10.735865351105133], [8.550038378668262, 10.738415374270176], [8.554796726687641, 10.740115375324365], [8.558516889243094, 10.74207036565491], [8.568898741184, 10.747850266176897], [8.571637026627513, 10.748272388160217], [8.571580719174904, 10.750485184443733], [8.571494202595431, 10.753885043559933], [8.571753748736569, 10.75898476343616], [8.57253238895862, 10.763574433713188], [8.573397543062185, 10.76867398811413], [8.572947187762566, 10.77365359633643], [8.566476308434915, 10.776153177427261], [8.562844576216264, 10.77831476181683], [8.559261929894205, 10.784633451572574], [8.558667729831939, 10.789157126000589], [8.562530025740159, 10.796453231331611], [8.563054369163865, 10.816451434086446], [8.56915185357525, 10.817373840830157], [8.568350702423004, 10.819081533785777], [8.56808634580824, 10.819979077872176], [8.567525421561015, 10.820940908196405], [8.56745887172957, 10.821342448295411], [8.567595140603316, 10.823740781012305], [8.567434707845564, 10.825491660311911], [8.566971232336527, 10.827184167315522], [8.56745887172957, 10.827486871921678], [8.567782115951957, 10.827701645314733], [8.568400083297263, 10.827916416909147], [8.570002390997615, 10.828210392695496], [8.570465123666565, 10.82809461577392], [8.572491343900424, 10.827639392444041], [8.574998072802885, 10.827132030019243], [8.575010748747104, 10.827248366319111], [8.574666371355988, 10.829160271029707], [8.573845043014387, 10.831284744895129], [8.573189046936989, 10.83963263703663], [8.573902086112412, 10.842083734776566], [8.575536133585729, 10.845381015421594], [8.57719989196147, 10.848415647264346], [8.57933901038706, 10.854251391188825], [8.581478127014009, 10.858919904130346], [8.585043322891067, 10.861487555806093], [8.583741005642935, 10.88798166242384], [8.580770008928823, 10.897901043398463], [8.580770008928823, 10.901693660733883], [8.57800311155438, 10.907411560195385], [8.568487802270283, 10.90746791890939], [8.570492743645275, 10.917220115915654], [8.571494101871338, 10.921910286330672], [8.573578834695525, 10.9289703367117], [8.576827049228996, 10.936070441997344], [8.581279754557102, 10.942049980322395], [8.583363534099874, 10.949110030703423], [8.58657169282941, 10.957369803673544], [8.588533401994937, 10.967920303679136], [8.591822623815062, 10.97385978799889], [8.593906404257211, 10.980919838379862], [8.59490871396605, 10.985610008794936], [8.597114562986746, 10.989179611350039], [8.59815692939884, 10.992710114080523], [8.598995209961004, 11.00205993731629], [8.607510195239342, 11.0114175091108], [8.609910760073546, 11.013960510369316], [8.614759426106673, 11.01773997511981], [8.611051622934099, 11.03187754521258], [8.60986718522247, 11.040333126672522], [8.609391826071942, 11.04546526171248], [8.608678786896519, 11.054213012220771], [8.607906326815566, 11.06756740770976], [8.60731212765262, 11.071241218307648], [8.601548396041665, 11.076897630221481], [8.595471536682112, 11.081871711210567], [8.594639290570854, 11.082515630292164], [8.59328225227415, 11.081702188105567], [8.592419565010971, 11.08155543763337], [8.591582932906078, 11.08172337703229], [8.590612829718339, 11.082128374125205], [8.58994769562969, 11.082133893264597], [8.58962562592194, 11.084880768133019], [8.589245748692406, 11.085059969741849], [8.583729995243118, 11.087153339654947], [8.574082444249427, 11.092830331654511], [8.570588552020126, 11.094416354431246], [8.559244529811224, 11.099766064252492], [8.55541788662623, 11.101072169445104], [8.5464811292008, 11.10249488433152], [8.541662543691473, 11.104601461688162], [8.533952279873859, 11.107327630565749], [8.51963207725862, 11.1149074270362], [8.513274620427467, 11.122156903418386], [8.506047334816685, 11.132235616380626], [8.508219983565425, 11.141965204430676], [8.509931279205205, 11.151199769653715], [8.512997346850113, 11.15392810769606], [8.514775498990161, 11.157343518788423], [8.518701660253441, 11.162322834731071], [8.514645405760916, 11.163042590942894], [8.510929064424829, 11.160464650123572], [8.509004328187245, 11.158615193436503], [8.50610809121548, 11.158209151331334], [8.502087847376288, 11.15889501659177], [8.497595699581893, 11.162602654289117], [8.491820083430127, 11.162532698725101], [8.48739924018281, 11.161623281789048], [8.483406220620623, 11.161623281789048], [8.477915818160511, 11.164981112888086], [8.473281063969978, 11.166660014947809], [8.470072388130234, 11.169318252635321], [8.466863711391227, 11.16812904491951], [8.4646532902172, 11.169598067696711], [8.461872438062642, 11.171766610140992], [8.457492399754472, 11.18410932318676], [8.451292399824467, 11.195509337186195], [8.450590833300339, 11.196914073725566], [8.447885751726119, 11.202839499843094], [8.447523196338466, 11.203215780683763], [8.447175289108372, 11.203977862588317], [8.446080547978966, 11.204540580983064], [8.443410938364138, 11.205912808829112], [8.437781432367274, 11.210020653830156], [8.437878667966174, 11.21679170617233], [8.433814344756229, 11.226583402302197], [8.428038726805823, 11.229101214449543], [8.421122246894242, 11.230569926960584], [8.41695737138565, 11.230588899957809], [8.416888561557926, 11.23059103944496], [8.415070412969214, 11.230647560036914], [8.411518247369258, 11.229944931413513], [8.408948145940258, 11.22966219715272], [8.402927396182463, 11.22786172383951], [8.398438753945413, 11.22775560923401], [8.393926104306331, 11.227648676245451], [8.389492989809696, 11.227160454091745], [8.38769934055216, 11.227106332891026], [8.374399818097174, 11.226705031112317], [8.372933807149536, 11.22667266091463], [8.372630460427445, 11.226665962764002], [8.369498629857958, 11.226596812093248], [8.365961852557518, 11.226812647585689], [8.359306821752455, 11.22657951723096], [8.355741625875396, 11.226987498274468], [8.353394537428017, 11.227366334988403], [8.345848205630261, 11.230251317844079], [8.336172143429735, 11.233279502447147], [8.335161649890267, 11.231728185407462], [8.334020787929092, 11.229490152348717], [8.330669502995192, 11.227951494166177], [8.325179102333777, 11.22718216192726], [8.32296868026043, 11.228511008276485], [8.319617397125228, 11.230399355246107], [8.314982641136055, 11.232847195641625], [8.308208769419196, 11.235434888709221], [8.297907885240761, 11.234223938983632], [8.295862941121868, 11.237838296300367], [8.29398051798654, 11.242482060798523], [8.293638259398222, 11.245503265763148], [8.29374521486983, 11.249498853789135], [8.291430681880513, 11.251147755364684], [8.290964361815895, 11.252366130792325], [8.291677400991318, 11.256002638411076], [8.289466979817291, 11.257750942052382], [8.287826989623909, 11.258939782844777], [8.287755685976151, 11.26201675926609], [8.287371750106217, 11.264617427752114], [8.286115695782769, 11.268240543566264], [8.281837460730287, 11.271946778321194], [8.278023881097283, 11.27490395785145], [8.27663227465979, 11.277750785170667], [8.274207940743906, 11.277890638742008], [8.27309084696509, 11.27649209403495], [8.269525651087974, 11.276841730661374], [8.266079295223335, 11.277424458072346], [8.263040307064557, 11.276536841602024], [8.26070337915769, 11.276322790364532], [8.257274956673939, 11.279668045344067], [8.256419310203057, 11.284516250924298], [8.254898160022094, 11.291601940077499], [8.254708016361917, 11.295797332281097], [8.255563662832799, 11.298407768303889], [8.25632423837294, 11.30120463558552], [8.258510891364608, 11.30223014780313], [8.260032042444834, 11.304187933226558], [8.262123622707065, 11.307357651334598], [8.263454630127114, 11.310247657803188], [8.264405349327433, 11.313230860116164], [8.258605963194668, 11.312857961625696], [8.255680972199173, 11.315035737409403], [8.254251670678116, 11.317220845365796], [8.252939679422695, 11.318954793129251], [8.251171340684891, 11.322198924740633], [8.250600909704247, 11.323765044621155], [8.248775529667, 11.325722682555806], [8.241017662934837, 11.326561666387818], [8.237366902860344, 11.327065055607875], [8.226756880325809, 11.325946411397808], [8.216727854906651, 11.322894368680238], [8.206780772114996, 11.318701683436018], [8.200242825845805, 11.324357627702398], [8.197249055599457, 11.328303764707016], [8.193455696323383, 11.3338203428346], [8.187391280882935, 11.34060954979094], [8.175464630188571, 11.348380088870044], [8.167448604069875, 11.354343510444721], [8.165246165278347, 11.362968230999115], [8.154324333401291, 11.369530029087628], [8.14875435083269, 11.373381997181468], [8.149931987871014, 11.375393113301584], [8.146133755168705, 11.377319539365317], [8.143330114193475, 11.377934576719383], [8.137068029565967, 11.380693107700836], [8.122913757264143, 11.386672797111942], [8.122308050376262, 11.391738072953729], [8.12066806018288, 11.394673825236907], [8.118742853599883, 11.398448316736506], [8.11724547160128, 11.402502347205598], [8.113721870268137, 11.408484264237472], [8.128576852939489, 11.411280054131225], [8.140579678909091, 11.416289107956004], [8.143324521309637, 11.420267574688864], [8.142558362778288, 11.437099035192375], [8.140389536148234, 11.456754362423908], [8.142885172812498, 11.460318381987804], [8.148747410764429, 11.468688080890274], [8.153881293187169, 11.477422974690569], [8.15345346860272, 11.485738341950992], [8.152455213937003, 11.489022496990685], [8.156091715260516, 11.492376485286627], [8.158965018620734, 11.495224311752622], [8.16170309002564, 11.497152818847553], [8.162473171399768, 11.503105950379336], [8.161788653323754, 11.50553747527431], [8.158366064742154, 11.509226645393426], [8.150081420121467, 11.519170437565663], [8.120997062764275, 11.520208054658042], [8.114466488237895, 11.52169753431383], [8.113988850205317, 11.522285460705518], [8.11187053579664, 11.521089698730634], [8.109999881189594, 11.52085825820211], [8.108514382832539, 11.52272138098698], [8.106874133634392, 11.523747526327327], [8.105417532293302, 11.523500108443272], [8.10409840941412, 11.522766508967266], [8.102993199276796, 11.522661708271244], [8.102155055411515, 11.523279875266098], [8.101531468202722, 11.523989174161102], [8.100747125379598, 11.523604908239975], [8.09946365522353, 11.522731574802378], [8.098394096010793, 11.521299301921317], [8.097574101363762, 11.520111555603876], [8.096397585779982, 11.519901955111209], [8.094793248309827, 11.519692351021206], [8.093402821782831, 11.519552616160354], [8.0917984834133, 11.519412881299502], [8.089980234100551, 11.51902860818376], [8.088946326711664, 11.518644335068075], [8.086593297342858, 11.517386711427662], [8.08522176916938, 11.51596750479655], [8.083498590787372, 11.513813218405346], [8.082866478904918, 11.51156896293736], [8.082942537268309, 11.510749158047247], [8.082448162852472, 11.509892087949538], [8.081744631309732, 11.509109541971839], [8.081668572946342, 11.508420154966245], [8.081858716606519, 11.507414020440763], [8.082277033558285, 11.506650101221226], [8.08223900482625, 11.505960707021075], [8.0819157597046, 11.505513531724148], [8.081250256893895, 11.505401738799264], [8.080057790934347, 11.505248104916177], [8.078512187287686, 11.50517815205012], [8.076611161675828, 11.50492457021278], [8.074652268287593, 11.504898666140605], [8.073492391061052, 11.504619181130352], [8.072674773322206, 11.50419063618898], [8.072142370174276, 11.503650298322668], [8.071438837732217, 11.502830469150865], [8.06884532155442, 11.502312685382151], [8.068407946169827, 11.502185785645565], [8.067961108118709, 11.501850399676243], [8.067700053814463, 11.50124843666606], [8.067174388387343, 11.500380753668878], [8.066468479936475, 11.500220048416566], [8.065776832035226, 11.500066329097876], [8.065185008881087, 11.500045366800293], [8.064336492235384, 11.500324857206465], [8.063545018687705, 11.50070915460384], [8.06257528602066, 11.501044540573162], [8.061890767944647, 11.500918771284319], [8.061384509887262, 11.500583384415734], [8.061106425121466, 11.49997549397392], [8.061085033847291, 11.499409527227954], [8.061134946220818, 11.498948366573927], [8.061156338394369, 11.498508169116747], [8.060935294927958, 11.498165790918563], [8.060678601436337, 11.4977116179968], [8.060129560830603, 11.497461238645315], [8.059610435273441, 11.497394329085068], [8.05886431273791, 11.497529559241798], [8.058461050437188, 11.497517136906367], [8.058066500768462, 11.497451921668926], [8.057767024728435, 11.497293542962666], [8.057362969225721, 11.497069949018965], [8.056835319894162, 11.496678659392671], [8.056654683866611, 11.496236129094143], [8.056559612036494, 11.495779620633016], [8.056550105303188, 11.495383670719889], [8.056521583304459, 11.494964430164373], [8.056511284268424, 11.494571582912272], [8.056582587016806, 11.494210568063295], [8.056499399727556, 11.493907780719553], [8.056012156036218, 11.493313852252527], [8.055691287822697, 11.493139166139656], [8.055465493237989, 11.492929543163939], [8.055120856842109, 11.492638401141335], [8.054942596823423, 11.492265737373941], [8.054835641351815, 11.49189307540513], [8.054764337704057, 11.491380659689753], [8.054760392378228, 11.490919991864189], [8.054427251116806, 11.490528236389025], [8.054098833994033, 11.49035583185622], [8.053896805792988, 11.490216080807556], [8.053516519371897, 11.490239373248528], [8.053159999334525, 11.490227727028014], [8.052910435668139, 11.490076330658155], [8.052755943831812, 11.489913289866479], [8.052672755643187, 11.489785185937649], [8.052340003788174, 11.489668727329956], [8.051947832826272, 11.489528977180612], [8.05167450097747, 11.489435810114571], [8.051436820952574, 11.48926112310238], [8.051294212757739, 11.48908643609019], [8.051319973837792, 11.488910837165463], [8.051365517304816, 11.488504141253145], [8.051365517304816, 11.488166409851999], [8.0511516063616, 11.487956784178323], [8.050795086324229, 11.487805386909145], [8.050260307167491, 11.487875262433477], [8.049808715300003, 11.487980075719975], [8.049547267092748, 11.488108181447444], [8.04897683611216, 11.488026658803335], [8.048644085156468, 11.48796843039878], [8.048346985125306, 11.487898553975128], [8.048049885094144, 11.487805386909145], [8.047847856893156, 11.487653989639966], [8.04770524959764, 11.487432717745776], [8.047420034107347, 11.487071693004282], [8.04738438228344, 11.486803836228091], [8.0472999997952, 11.486600000389728], [8.046956557699048, 11.486477749248763], [8.046671343108073, 11.486535978552638], [8.046374243076912, 11.486792190007634], [8.04605337486339, 11.486920295735104], [8.045803812096324, 11.487094985445253], [8.045684972083848, 11.487188153410614], [8.045448916234534, 11.48745572959831], [8.044651064694904, 11.487863616212962], [8.044222399244404, 11.487743713201837], [8.044009330066558, 11.48779374068863], [8.043724113676944, 11.487700573622647], [8.043106147230958, 11.487560824372622], [8.042547599891861, 11.487502594169428], [8.042494190954187, 11.487487399224165], [8.042179196212999, 11.48739778088293], [8.041798907993268, 11.487537531931594], [8.041549345226144, 11.487490947948913], [8.041338579212095, 11.487312961324164], [8.041202757301448, 11.487108617368847], [8.040836305151402, 11.486943588176075], [8.040551089661108, 11.487036755242116], [8.040230222346906, 11.487153214749128], [8.040123265975978, 11.48739778088293], [8.039968774139652, 11.487723865164298], [8.039861818668044, 11.488096535226987], [8.039671675007867, 11.488504141253145], [8.039564718636882, 11.489109725833202], [8.039469646806822, 11.489703665092122], [8.03917254677566, 11.490833308910112], [8.039099999365533, 11.491700000854394], [8.035830267652784, 11.493379057597451], [8.033452286593786, 11.493519307769873], [8.030286393302447, 11.494106250303275], [8.02780501628854, 11.493016214426802], [8.02566589876227, 11.49066843080351], [8.022500000974333, 11.488800000219896], [8.019997119371624, 11.489326568566355], [8.012317804822885, 11.491842325762775], [8.00908666841508, 11.490827076608355], [8.005986017340888, 11.49192617585237], [8.00090000043474, 11.492100000414723], [7.999483099665383, 11.489578383235823], [7.997600677429375, 11.489326832067718], [7.9966569900281, 11.491410690750854], [7.995718253394728, 11.491590777292572], [7.994948171121223, 11.490081482874189], [7.995461559003786, 11.488069077126283], [7.994777041827092, 11.486895167777845], [7.991012194657117, 11.487649824879554], [7.988614933932126, 11.484735295697362], [7.985878313133696, 11.484547334691797], [7.98254128874953, 11.483038003401191], [7.980231041929073, 11.484295779027036], [7.978690878281441, 11.483289558166632], [7.977920795108673, 11.479013075892794], [7.974926031111522, 11.47834224999491], [7.97377378193454, 11.478401681692333], [7.971369618912831, 11.478525685611942], [7.968423113435961, 11.478677663843143], [7.967653031162513, 11.476329760609985], [7.966802277003524, 11.475481639665986], [7.964822976199457, 11.473508455151148], [7.962690278033961, 11.471382331929135], [7.959182126154246, 11.469369793081512], [7.956871879333789, 11.467608809898707], [7.956485307550963, 11.467413642625559], [7.955983043382787, 11.467160065284816], [7.954048242832187, 11.466183244161414], [7.948743232014579, 11.466183244161414], [7.944853328718182, 11.464332058078071], [7.944795153373661, 11.46439623100133], [7.944662985408513, 11.464257012351311], [7.944534637763354, 11.464089296883571], [7.944527507938176, 11.463900618218986], [7.944607434285729, 11.463820860944054], [7.944919678900135, 11.463509280928633], [7.945055157269735, 11.463299636369186], [7.945026635271063, 11.463131920002184], [7.944777071604619, 11.463055051349613], [7.944441942841422, 11.463006132726889], [7.944121076426597, 11.463131920002184], [7.943055914898594, 11.463084712789339], [7.942680735727436, 11.46318782635717], [7.942495345883572, 11.46318782635717], [7.942237646050557, 11.4629477946051], [7.941826171140917, 11.461648277845768], [7.941762286000767, 11.460938691167712], [7.942013158180771, 11.46034220682742], [7.941881126013186, 11.459686633431431], [7.941018406374383, 11.459220129005814], [7.940530415346416, 11.45909136497454], [7.939794795093746, 11.45913612513209], [7.939200166054889, 11.45869902763809], [7.938315684621216, 11.458134837053137], [7.937676915057637, 11.457365817778339], [7.937668109795482, 11.457114085846456], [7.937658773933322, 11.456847194042837], [7.937201476766802, 11.456443827420742], [7.936933870002122, 11.456354497761936], [7.936701560728466, 11.456276951020527], [7.936666179600536, 11.45607756592699], [7.936551409020353, 11.455430781605344], [7.935820292572487, 11.45518407868235], [7.935771088864726, 11.455178995714107], [7.935181280191955, 11.455118068444165], [7.9346182128603, 11.455338807040334], [7.933323160335647, 11.454694980588954], [7.933191776579292, 11.454382264729759], [7.933384109189319, 11.45400676899726], [7.932952008328584, 11.453572936941555], [7.932636559429739, 11.453509773057647], [7.931389963276217, 11.453260162626464], [7.931258581318502, 11.453002630966694], [7.931540114984386, 11.452653122044012], [7.931494591302396, 11.452589519290939], [7.93128379201346, 11.452295001213372], [7.930657977183955, 11.45142064164935], [7.930808127992748, 11.450795202736458], [7.930996979327176, 11.450327272885374], [7.930829019243902, 11.449174951762643], [7.930151216405534, 11.448440593258795], [7.929402939993736, 11.448563455938768], [7.927486033253899, 11.447557609196338], [7.927153504430748, 11.44714492919519], [7.927212503554244, 11.447019053786335], [7.927486033253899, 11.446435480113394], [7.927223269338469, 11.446141149994105], [7.926525432302924, 11.446329225213617], [7.926190979829926, 11.446325107217945], [7.926047851826922, 11.446054565066163], [7.925367800683489, 11.445628905149874], [7.924985149045426, 11.445511095760537], [7.924292825753355, 11.444719745419945], [7.924151054827348, 11.444419083174182], [7.924013787706201, 11.443988855601276], [7.923853228144026, 11.443928528179072], [7.923435278115619, 11.443771488563414], [7.923021345358848, 11.443498376149194], [7.922943072864598, 11.443236248054461], [7.92282324719514, 11.442834952571047], [7.922391389151358, 11.442652270585882], [7.921614847047579, 11.44206816541356], [7.921439951392699, 11.441674831628234], [7.920669868219875, 11.441059826649735], [7.920494864646344, 11.440914321738603], [7.920144381757837, 11.440744916444771], [7.919348946696573, 11.44043401092091], [7.919145746678907, 11.44039669175396], [7.919120616922953, 11.440425905331324], [7.918939298310022, 11.44063668393585], [7.918716141436846, 11.440836187739933], [7.918430925047176, 11.440738345997943], [7.918345360849798, 11.440458798934458], [7.918499383239975, 11.44003150944667], [7.918459185343181, 11.439879059071359], [7.918231273754316, 11.439815834932858], [7.918046287706034, 11.440104934595126], [7.917903275715673, 11.440165271010471], [7.917703625322076, 11.440109361058205], [7.917603799675646, 11.43964810507606], [7.917753418985171, 11.439375543946255], [7.91773901634258, 11.439196725448596], [7.917614185945979, 11.439022613103134], [7.91767660069462, 11.438914379694893], [7.917878249381772, 11.438876734074086], [7.918079075189212, 11.438840502187475], [7.918161329881514, 11.438401052066922], [7.918190322225655, 11.438246160032293], [7.918091725053102, 11.437906555343318], [7.917782226068937, 11.437615585091237], [7.917208496375054, 11.437313405689167], [7.916841204258219, 11.436947362730677], [7.916687074848653, 11.436566241738717], [7.916924754873605, 11.436158560169474], [7.916984174879815, 11.435576158313097], [7.916841204258219, 11.43534738787173], [7.916687074848653, 11.435284956035957], [7.915891628096233, 11.43532709916633], [7.915246763827156, 11.434997146900855], [7.914666077877257, 11.434700033379897], [7.914498440650561, 11.43423784030415], [7.9141015365567, 11.43404585932899], [7.91398396368902, 11.434123284661894], [7.913937141386043, 11.43415411971688], [7.913340961915935, 11.434546730447323], [7.91267545910523, 11.434453545394831], [7.91189111628205, 11.433859489224119], [7.911817368276957, 11.43374142532656], [7.911534596244678, 11.43328872999092], [7.911266457980673, 11.433325172318916], [7.910989170014261, 11.433456210735585], [7.910956692797185, 11.4334715585656], [7.910702717056779, 11.43359158208591], [7.910157551629766, 11.43334451134018], [7.909907044574481, 11.433158268039676], [7.909549969655416, 11.433510045052572], [7.909395477819089, 11.433521693071725], [7.908814559844132, 11.43279305605472], [7.908254615857857, 11.432112262970634], [7.907755487625707, 11.431867650971355], [7.907268244833688, 11.431751168081973], [7.906911724796316, 11.43139007319337], [7.906650278387701, 11.431378425174216], [7.906674044771421, 11.431657983029538], [7.906531438375225, 11.431762816101127], [7.905818398300482, 11.431541501039476], [7.90548564734479, 11.431925891966387], [7.905142416589285, 11.432140893787277], [7.904974634571772, 11.432030725937295], [7.903945461214107, 11.432327540883364], [7.90331087709535, 11.432312612137366], [7.903329726885431, 11.432081662638666], [7.903348905827386, 11.431846684177174], [7.902907841423769, 11.431913194438437], [7.902607344653291, 11.431958506779722], [7.90191718423074, 11.43166940801683], [7.901915033052376, 11.431610981761423], [7.90190381311055, 11.431306206016643], [7.90159958325421, 11.431306206016643], [7.901479716215988, 11.431492070702575], [7.901427135553888, 11.431573602339938], [7.900673777972543, 11.431426315871818], [7.900477734759704, 11.431585763871965], [7.900059418707258, 11.431306206016643], [7.899880101085841, 11.431055118898655], [7.899660117020858, 11.43074708940668], [7.899530052569901, 11.430781073887488], [7.899353977004466, 11.430827083203383], [7.898614325990422, 11.431082559012964], [7.898405167964199, 11.430933462209566], [7.898551368950564, 11.430442102321194], [7.89829939060445, 11.430321237035514], [7.897644593323378, 11.430262521198472], [7.897283318570317, 11.429833863841793], [7.897441688283322, 11.429169814335523], [7.89732484206786, 11.428849631405399], [7.897480573169958, 11.428646685895899], [7.896788945953119, 11.427653292965147], [7.896636831024978, 11.427578742764808], [7.896370629001353, 11.427932854417747], [7.895952312948907, 11.427970128618597], [7.895629068726578, 11.427765117366334], [7.895572024729233, 11.427485555913734], [7.895134695210061, 11.427336456412377], [7.894716378258295, 11.42750419256447], [7.894298062205849, 11.427205995360453], [7.893784674323285, 11.427243269561302], [7.893670588127179, 11.42700098230955], [7.893024098783201, 11.426367307405371], [7.893024098783201, 11.426069106604018], [7.892948041319073, 11.42515586575064], [7.893100156247272, 11.424186710448396], [7.893765659057976, 11.423012534900636], [7.894317075672575, 11.422229748803886], [7.894707402124936, 11.421297150043472], [7.895191738308142, 11.420831910963955], [7.895667096559293, 11.42003048102191], [7.896561625218851, 11.419072996221871], [7.896634329111066, 11.418940978443459], [7.896185545826313, 11.41836361099189], [7.89614340629322, 11.41827600083684], [7.895686111824659, 11.417178863014158], [7.894953866727633, 11.416085958300357], [7.894192738104437, 11.41374571459312], [7.894148478869226, 11.413609632778389], [7.89377375025839, 11.413121844097873], [7.892453199255783, 11.410768195096182], [7.891740101624464, 11.410779412340048], [7.890575470581553, 11.409055341830594], [7.890636377167141, 11.408345718280316], [7.89029174167058, 11.407611818430723], [7.889880576127723, 11.4070409296952], [7.889682131725067, 11.406635226634478], [7.889421248292024, 11.406174381642472], [7.889299999895115, 11.40559999994008], [7.889118206440116, 11.405236613578893], [7.888424865115496, 11.404462324276892], [7.887951121147353, 11.404064391358645], [7.887002857096206, 11.403267872614265], [7.886547384654136, 11.402549488767932], [7.886046196075142, 11.402038860005462], [7.885428227830516, 11.401287469241367], [7.885299056406382, 11.401750299037133], [7.885255911431216, 11.401904890698177], [7.88511328075333, 11.40214283782177], [7.884601830010467, 11.401551635199837], [7.883503023046103, 11.400017673277034], [7.883348531209776, 11.399790507226157], [7.88265279499052, 11.399460079219352], [7.882820280231783, 11.398991006329936], [7.882855818741064, 11.398802297987686], [7.882868006353476, 11.398737589068503], [7.882947548690481, 11.39857774087011], [7.883039986406288, 11.398421647341195], [7.883008332968245, 11.398219486939809], [7.883027092826126, 11.398031918937932], [7.883011183819121, 11.39775510941081], [7.882906279701103, 11.397567705085578], [7.882821071635192, 11.397289573555042], [7.882792904868722, 11.397207721759003], [7.882592488252783, 11.396761158001084], [7.882448872817292, 11.396104316561036], [7.882312907015091, 11.395641320390666], [7.882297819988423, 11.395563960708273], [7.882270761186703, 11.3952028874034], [7.882250283623762, 11.395108223865464], [7.882057763055343, 11.394835622266214], [7.881651330644445, 11.39455602663935], [7.881166463861291, 11.394115666404957], [7.880603162705825, 11.393577446442066], [7.880153948645841, 11.393004275227156], [7.879861603330369, 11.39230528616008], [7.879790298783291, 11.391913851742913], [7.879325342990228, 11.391934293333009], [7.878981561849628, 11.391949407339325], [7.879028337387922, 11.391441879439242], [7.87906701902773, 11.391343409970432], [7.879190611957199, 11.38988018062588], [7.879212142626329, 11.389047969588148], [7.879081025069297, 11.388411057124642], [7.879055717247581, 11.387248769714972], [7.878918252275582, 11.386228914233072], [7.877634926910389, 11.386057359559572], [7.876408354162265, 11.38589339156681], [7.875039318909501, 11.38571630966004], [7.874174164805936, 11.385473987334706], [7.872653013725653, 11.384961380963034], [7.869301729691131, 11.383838304893914], [7.86871703816081, 11.383223174010311], [7.868446083220192, 11.38291560856851], [7.86798973843571, 11.382496199839807], [7.867134091065509, 11.382048830289364], [7.866575683121312, 11.381964189695623], [7.866036010753362, 11.381783203831844], [7.865879142008851, 11.382160671777626], [7.865280189029534, 11.382482218979249], [7.864823844245052, 11.382622022188627], [7.864239151815468, 11.382999491033729], [7.863412026443939, 11.383572680235034], [7.860417262446731, 11.384537317343359], [7.859946656213253, 11.384523335583538], [7.859704223271308, 11.384914780792542], [7.85923361703783, 11.384914780792542], [7.859319182134584, 11.385320205063465], [7.858663186057242, 11.385432046551728], [7.858463534764383, 11.385278265179863], [7.85814979727536, 11.385264285218625], [7.857836236952835, 11.385452791213368], [7.857126937158455, 11.385470584300094], [7.856745585040755, 11.384843015792569], [7.856422340818426, 11.383603437049032], [7.856270225890285, 11.382540936614987], [7.856289240256274, 11.382130847560632], [7.855946981667898, 11.381562315048825], [7.855728316009049, 11.380853975730417], [7.855747331274358, 11.380490485947234], [7.855766344741085, 11.380257479698969], [7.855712006803742, 11.37982599937044], [7.855800877808292, 11.379575992338232], [7.855889937670554, 11.379325451108741], [7.855870924203828, 11.378831475092568], [7.855851909837838, 11.378225653091476], [7.855785315040293, 11.378065418184576], [7.855670278260789, 11.378065418184576], [7.855401859408346, 11.37802782562369], [7.855280431147037, 11.377996498639561], [7.854977248101591, 11.377974003897236], [7.854344575042148, 11.3781192587968], [7.854054158772442, 11.378209848405845], [7.853733290558978, 11.378286741340105], [7.85356216216411, 11.378279750909826], [7.85329833794799, 11.378300722200606], [7.853048774281547, 11.378307711731566], [7.852834862439011, 11.378321691692747], [7.852649471695827, 11.378321691692747], [7.852506864400311, 11.378335672553305], [7.85231434293263, 11.378279750909826], [7.852214518185519, 11.378258779619046], [7.852143213638442, 11.378237809227585], [7.852086171439737, 11.378244799657807], [7.85205051871651, 11.378244799657807], [7.851970301887945, 11.378247129801252], [7.8513285672596, 11.378365964417753], [7.851136045791918, 11.378317032305233], [7.850579876260326, 11.37838693480927], [7.849503371583353, 11.378274562720947], [7.848925624617948, 11.378079363971494], [7.848733104049586, 11.378149265576212], [7.848212586341845, 11.377995480607012], [7.847799023206392, 11.377722860121935], [7.846879202013611, 11.377380337132877], [7.846007867768947, 11.377431599388842], [7.845556276800778, 11.3774455802494], [7.845199756763407, 11.37749684160599], [7.844978794235999, 11.377471132686651], [7.844218218695858, 11.377459482868915], [7.843825838191947, 11.377497824565012], [7.843442149635564, 11.37742941583491], [7.84314769181259, 11.377316390838814], [7.843013846611768, 11.377295570634146], [7.842874054194283, 11.37731044272283], [7.84264503014407, 11.377313416780794], [7.84248739068056, 11.377328288869478], [7.842398160846471, 11.377361006205547], [7.842344623305792, 11.377402646614883], [7.842273239618351, 11.377423466819607], [7.842157240564234, 11.377444287024275], [7.842038268351473, 11.377465108128263], [7.841841961637272, 11.377474031201643], [7.841660527911074, 11.377477005259607], [7.841505863404905, 11.377477005259607], [7.8413660700881, 11.377482954274967], [7.841226276771295, 11.377477005259607], [7.841131097921902, 11.37746213317098], [7.841053766118478, 11.377435363950951], [7.840958587269029, 11.377405620672903], [7.840857460303596, 11.37736992927887], [7.840765256411487, 11.377343160058842], [7.840693871824783, 11.377316390838814], [7.840577081367258, 11.377276734333861], [7.840491420043065, 11.37729101107135], [7.840420036355624, 11.377351687430462], [7.840359359996512, 11.377448055183663], [7.8402986836374, 11.377512300052672], [7.840195177065823, 11.377540854426911], [7.840091669594926, 11.37758011523016], [7.839943350705141, 11.377697740258554], [7.839800583330316, 11.37774532878393], [7.839672091793659, 11.377750087996219], [7.839450801913017, 11.377700118965379], [7.839248547982152, 11.377635398354982], [7.839010601757934, 11.377602084768455], [7.838725067008284, 11.377535460293302], [7.838503804107347, 11.377518317416445], [7.838087524119999, 11.37739563729889], [7.837535260344055, 11.37723288159225], [7.837327290322264, 11.377203756148504], [7.836851930272417, 11.377314433914023], [7.836588106056297, 11.377284142948895], [7.836240004572574, 11.377343356111055], [7.835938249650553, 11.377384953352987], [7.8355483620673, 11.376838534270973], [7.83548677739293, 11.37665070186847], [7.835358429747771, 11.376287206689312], [7.835327016428721, 11.376233286037348], [7.835221454006955, 11.37605209332952], [7.835019504946217, 11.375645327270092], [7.834985506975613, 11.375596122662955], [7.834737009905155, 11.375236501763197], [7.834515544656711, 11.374812475915064], [7.834230330065736, 11.374593446030758], [7.834046916931698, 11.374311805345599], [7.833940360759073, 11.374034217904864], [7.833782386747771, 11.373843423135497], [7.833650390553146, 11.373600814825807], [7.833480651610842, 11.373471932084044], [7.833165524669255, 11.373232655762479], [7.833072219107692, 11.373104039220095], [7.833027134294866, 11.37289558266508], [7.832934183066129, 11.372465811048414], [7.832862880317748, 11.371885607135084], [7.832741661598448, 11.371864635844304], [7.832549142828725, 11.371808713301505], [7.8320583063458, 11.371664353227345], [7.831836102753982, 11.371599000393587], [7.830550871725393, 11.37092398905088], [7.829081395689911, 11.37042833579909], [7.827821601086043, 11.369977645052302], [7.827726620087503, 11.36994366506815], [7.826804422885857, 11.369598802942448], [7.826717890118573, 11.369770459239362], [7.826701533249206, 11.369802907678093], [7.825744371305746, 11.371253791129618], [7.82545618625403, 11.371017862984047], [7.825343288062356, 11.370883880186966], [7.82528386715677, 11.37072659505634], [7.825263903106702, 11.370589583342621], [7.825084188884261, 11.3707168014393], [7.824788502587353, 11.370883880186966], [7.824266890404715, 11.371254566345215], [7.824097080415982, 11.371278608820774], [7.823866130017961, 11.371340181803987], [7.823533554430014, 11.371568942352837], [7.823169903668145, 11.371595737653195], [7.823139983223712, 11.371653541577757], [7.823079618030022, 11.371668159158276], [7.82263373775686, 11.371839238090388], [7.822552788880159, 11.37191492593314], [7.82249804175126, 11.371937605036464], [7.822404970912714, 11.372011085043596], [7.822332701393123, 11.372065814186044], [7.822254838090373, 11.37218409841745], [7.821844838968218, 11.372830709169932], [7.821507360276485, 11.373270178176256], [7.82136116108876, 11.373493630027042], [7.821232814342977, 11.373343337125334], [7.821054554324292, 11.373017118844984], [7.820840643381018, 11.372906438381449], [7.82006224237864, 11.372473034403072], [7.819713095882719, 11.372327709356341], [7.819492375272944, 11.372235838213385], [7.818436512734934, 11.373437706584923], [7.813858799843786, 11.377422189782294], [7.813533147237024, 11.377546575014492], [7.813471381798877, 11.378306225152244], [7.813499903797549, 11.378473990981945], [7.812044887961235, 11.378915180391289], [7.811736319775378, 11.379008744058353], [7.811258091787579, 11.3791750556843], [7.810038965425974, 11.37893598980412], [7.809768332442616, 11.378882919910893], [7.809446971400632, 11.378671759993779], [7.808228167895663, 11.378309719917695], [7.806160354017152, 11.377498849792119], [7.80608073164052, 11.377039823229325], [7.806152035288221, 11.376214966847272], [7.806066471090844, 11.375809529086553], [7.806064242570812, 11.37536231511882], [7.805852560147571, 11.374397482857603], [7.805681429954063, 11.37381029301065], [7.80539621356445, 11.373404851652651], [7.805410474114126, 11.3725100828741], [7.80549603921088, 11.372020754554228], [7.805519807393239, 11.371695700895941], [7.805120504807519, 11.371709681756442], [7.804763985669467, 11.372031240649278], [7.804077379367584, 11.372376771870563], [7.803566079710833, 11.37254852979089], [7.802839745857625, 11.372638272238532], [7.801633279252485, 11.373606750351314], [7.801333814004352, 11.374112958046624], [7.800465461012266, 11.376739246419163], [7.798442528699809, 11.37673605382588], [7.79841483767467, 11.376403532197287], [7.79837664256803, 11.376121646896536], [7.798246603298139, 11.375731985942423], [7.797927602976529, 11.374982943308225], [7.797367031263548, 11.373890883957188], [7.796642109345896, 11.372457857444203], [7.796196458399891, 11.371770466933526], [7.795478586267791, 11.37201182158833], [7.794942959050388, 11.37148062892794], [7.794605454278326, 11.37100994085614], [7.79408731168013, 11.370348179225118], [7.793464924166983, 11.369259150589357], [7.790921751137944, 11.364412382125806], [7.789887843749057, 11.361231644624752], [7.788996544554948, 11.359880111977645], [7.783107711851471, 11.361145814227996], [7.780968594325202, 11.362124505941267], [7.778621826036499, 11.364121107003541], [7.777470323296825, 11.364944603610638], [7.779227907941674, 11.36602021256283], [7.778788200614997, 11.36650955167454], [7.778039509615724, 11.367418320199363], [7.777801829590828, 11.367534829169074], [7.77644705578706, 11.368501848581502], [7.775971695737212, 11.369061086599913], [7.775472569303702, 11.370249466040093], [7.775484452945193, 11.370470829665123], [7.775127932907822, 11.371903866969944], [7.775223004737938, 11.372090278443636], [7.774973441071495, 11.372672811601035], [7.774902137423737, 11.37345340425128], [7.77517546927254, 11.374012633276436], [7.775187352914031, 11.374513607816823], [7.775499824157635, 11.374940017767642], [7.772609637824587, 11.376487207818457], [7.771687439723621, 11.377437887448593], [7.771449759698726, 11.377736137712645], [7.771183319354748, 11.378137300096398], [7.770888836350764, 11.37830467921765], [7.770461011766315, 11.378509727342077], [7.769681423658824, 11.378733413915995], [7.769548322197352, 11.37883593842787], [7.769377192903164, 11.379124867218877], [7.768958876850718, 11.37911554664521], [7.768464504233521, 11.378975741637191], [7.768321895139422, 11.378975741637191], [7.767570827231964, 11.379152828040617], [7.76698138008669, 11.379469717653421], [7.766658136763624, 11.379479039126409], [7.765935589955575, 11.379348554692115], [7.765222550780152, 11.379348554692115], [7.764804234727706, 11.379283311575591], [7.763026391055178, 11.377801380829112], [7.76000524094917, 11.37540642686514], [7.757087549750679, 11.377113222297396], [7.756267553305008, 11.375726813042036], [7.755590165953436, 11.374188939068347], [7.754816426137211, 11.372430235666911], [7.754318581237555, 11.372499597678313], [7.754022206060029, 11.372466717565032], [7.753751673800764, 11.372374910273948], [7.75290365897672, 11.372084187335417], [7.752487455431776, 11.371910773763261], [7.752071252786152, 11.371655753010657], [7.751842340251869, 11.371528242634326], [7.751623832873634, 11.371492540448457], [7.751176413860435, 11.371497639604456], [7.750874667032292, 11.371446636353255], [7.750667224912547, 11.371434143870715], [7.75041816576578, 11.371375098881742], [7.750197124098065, 11.371249272036323], [7.749776431137434, 11.371095481671205], [7.749384259276212, 11.370934701775127], [7.749013478689164, 11.37077392187905], [7.748578525178857, 11.370459351617853], [7.748022353848626, 11.370214686558597], [7.747765660357004, 11.370039924902642], [7.747523227415058, 11.369830212894044], [7.747293181735017, 11.369805677590023], [7.747069258639442, 11.369688073246039], [7.746823426260164, 11.369610036374127], [7.746593898589595, 11.369538942268434], [7.74646159212881, 11.36953654017924], [7.746080510707031, 11.36952962169471], [7.745852338314819, 11.369455057105256], [7.745557616091162, 11.369277965305912], [7.74509906167242, 11.36911552616067], [7.744522124096818, 11.368933101381572], [7.744118068594048, 11.368869021987848], [7.743559521254952, 11.368676783806563], [7.743084162104424, 11.368566100645069], [7.742461440942805, 11.368491536055615], [7.741586818776739, 11.368297199756], [7.741330084815615, 11.368416969667464], [7.741206481993572, 11.368677943932028], [7.740997473254822, 11.368858277787353], [7.739723371336595, 11.36885504112729], [7.739438154946924, 11.3689296057168], [7.738848708700971, 11.368948246864136], [7.737945525865371, 11.369134660136524], [7.737821932935901, 11.369395637998366], [7.737660310375077, 11.3694981652082], [7.737327559419384, 11.369693899054255], [7.736823678270184, 11.369777784217433], [7.736452896783817, 11.370048080854303], [7.73571567124128, 11.370486805221958], [7.735373411753585, 11.370582341102192], [7.734795850947819, 11.370617293253531], [7.733626466088594, 11.37057534977265], [7.732578299049294, 11.37076409228905], [7.731965084620981, 11.370966814766746], [7.731152220698448, 11.371211480725322], [7.731011491187417, 11.371241045038232], [7.730852743759158, 11.371274393698343], [7.730403528799854, 11.37147012484644], [7.730125444034059, 11.371637895172796], [7.729840227644445, 11.371651876033297], [7.729162841192192, 11.371400221443139], [7.728899016976129, 11.371253423306882], [7.728542496938758, 11.371099632941764], [7.727872240311683, 11.370945842576646], [7.72752285099881, 11.370945842576646], [7.727204261667396, 11.370972610897297], [7.72705937638915, 11.370882928704248], [7.726881116370464, 11.370840987022007], [7.726546669293384, 11.37095102626887], [7.726139555196369, 11.370994775588485], [7.725682917232916, 11.37088671305139], [7.724036088594687, 11.37076409228905], [7.723273137945, 11.370547388051591], [7.722638533141833, 11.370470494217955], [7.72179001559681, 11.370302722992335], [7.721169672242638, 11.370197865639057], [7.720994807164686, 11.370172679225789], [7.720486177595092, 11.369706341174776], [7.720001310811881, 11.369007292752428], [7.71984444206737, 11.368755636363574], [7.719716095321587, 11.368322226089902], [7.719573488026128, 11.36788881401759], [7.717748107089506, 11.364561314353239], [7.717998251717972, 11.363082022217611], [7.717789492990732, 11.361671762941569], [7.7175205507329, 11.36139698138561], [7.71685596612997, 11.358528358097317], [7.71595278329437, 11.356314615727001], [7.714669313138359, 11.352749291246823], [7.713671057573322, 11.350418988645458], [7.713267002070552, 11.348391610084775], [7.714479168578805, 11.344406722192502], [7.715433105553416, 11.342361288842483], [7.717973060808163, 11.33680964524899], [7.716646808103746, 11.33623636071951], [7.716461418259883, 11.336082552367941], [7.717287007589391, 11.333831980961179], [7.719188445990028, 11.329310877694923], [7.721007884206529, 11.325406125692211], [7.721137419856063, 11.325092670590323], [7.721179651120053, 11.324992108399158], [7.721077506122072, 11.324947028982251], [7.720022208358273, 11.324238551168264], [7.718712962733093, 11.323357760552256], [7.717129844766589, 11.322474531874207], [7.71871021620359, 11.32133936172221], [7.716808777802896, 11.319120671282008], [7.716083774046979, 11.318522807381726], [7.71599116006405, 11.31831895625487], [7.715667914942344, 11.317955384633365], [7.715373192718744, 11.317899452197992], [7.715102245872004, 11.317892834986367], [7.714797992633294, 11.317935552783581], [7.714013665098605, 11.318374888690187], [7.713024917166251, 11.317666393789068], [7.712530542750414, 11.317246888832926], [7.712280470967016, 11.31696822130641], [7.711722431744874, 11.316640937329453], [7.711132986398241, 11.31640787892053], [7.710572062151016, 11.316323976670219], [7.710134730833204, 11.316296009553241], [7.709659371682733, 11.316081595888988], [7.708974853606662, 11.315848536580745], [7.708375900627345, 11.315801924719096], [7.708166742601122, 11.316016339282669], [7.707891034743511, 11.316640937329453], [7.707691384349971, 11.317451981024135], [7.707662862351242, 11.318281666765586], [7.707330111395549, 11.318197766313915], [7.707092431370654, 11.318067253101276], [7.706567778580165, 11.318093115804686], [7.706816721714404, 11.31702315279631], [7.707057656385757, 11.315930169841522], [7.706978345174548, 11.314748494847208], [7.707016373007264, 11.314077280442177], [7.706898138238557, 11.313509442207021], [7.706413666257731, 11.31263085762805], [7.706176062675183, 11.310041560169907], [7.689808360967106, 11.308847348626273], [7.689313986551269, 11.308931251775903], [7.688962221229588, 11.309108382246109], [7.688553411910505, 11.309145671735394], [7.687631214708858, 11.309388059711239], [7.687337024883846, 11.30938273302678], [7.686956204265471, 11.309369414966568], [7.686690003141166, 11.30942535099922], [7.686537888213024, 11.309788929815284], [7.68607203579586, 11.30960247877141], [7.685967457232437, 11.30970502666571], [7.685710762841495, 11.30968638192104], [7.684826594371884, 11.309499930877166], [7.684294191224012, 11.309192285395682], [7.684018483366344, 11.30940670535523], [7.683780803341449, 11.309574510755112], [7.683486080218472, 11.309658413904742], [7.683181850362132, 11.309443995743834], [7.682996967735903, 11.309378998142279], [7.683193772674542, 11.309143003446877], [7.683422255332857, 11.308826476260947], [7.683620537857564, 11.308258835876643], [7.683605511984865, 11.308133932634917], [7.683700583814925, 11.30781929492457], [7.683878842934291, 11.30748134858544], [7.684104639317695, 11.307015215579781], [7.684484926638106, 11.30625774899596], [7.684247246613211, 11.306397589976825], [7.683379715601461, 11.306490817297401], [7.682773632796966, 11.306444203637113], [7.682310157287986, 11.306246095580889], [7.681822913596648, 11.306222788750745], [7.680979150767257, 11.305954762002727], [7.680468138893559, 11.305931455172583], [7.680218575227116, 11.305861534682151], [7.679790752441306, 11.305919801757511], [7.679410464221576, 11.30590814834244], [7.679089596907431, 11.305919801757511], [7.678828148700177, 11.306013028178768], [7.678435977738218, 11.305954762002727], [7.678043805876996, 11.305978067933552], [7.677449606714049, 11.306164521675385], [7.677092736840393, 11.30634930357752], [7.676694973893973, 11.306467898974404], [7.67604135382544, 11.306537818565516], [7.675328314650073, 11.306153256767459], [7.675007447335872, 11.305523975051472], [7.674864840040357, 11.305139413253357], [7.674389479990566, 11.304463515179123], [7.673937889022397, 11.304043991337153], [7.673355572601622, 11.303286515760135], [7.672333550652866, 11.301410299745612], [7.672024566980213, 11.30125880355098], [7.671751235131467, 11.301153921916011], [7.671501670565704, 11.301014079136507], [7.671079393898935, 11.300556716319477], [7.670081139233218, 11.299368046398286], [7.669770075428687, 11.298755099068615], [7.669522591894122, 11.29814441173528], [7.669344331875436, 11.297748186629576], [7.669269744802932, 11.297713837923311], [7.668830038375631, 11.296909729800234], [7.668715075340515, 11.29695515095949], [7.668300877283684, 11.297439406203694], [7.664311552136496, 11.30002248215186], [7.664092203892153, 11.299600536435662], [7.664009015703584, 11.299250926788886], [7.663937712055827, 11.299017854890167], [7.663890175691108, 11.298656590929], [7.663973363879677, 11.297934063006664], [7.663985248420545, 11.297479568127642], [7.662986992855508, 11.296675460903828], [7.66210757820221, 11.296174349666558], [7.661038019888736, 11.295346931116], [7.660705268033723, 11.295148815865218], [7.660408168002618, 11.29444958667915], [7.65858991779055, 11.293785316838978], [7.658043254992265, 11.293493969770964], [7.658067023174624, 11.293121046998749], [7.657991069132606, 11.292974461102574], [7.657762249228483, 11.293046844836056], [7.657544127659435, 11.293190971086517], [7.657025905920875, 11.293025402300543], [7.656961812137979, 11.292876313591023], [7.656575645949374, 11.29288154674606], [7.656320076610314, 11.293167663357053], [7.656106164767721, 11.293097738369966], [7.655820950176746, 11.29300450655279], [7.655737761988178, 11.292841353345807], [7.655476313780923, 11.292363541744123], [7.655012838271944, 11.292037231732934], [7.653757889215285, 11.291981293002323], [7.653263515698711, 11.29218640318004], [7.652702590552167, 11.292307603013512], [7.652483925792581, 11.292587297565774], [7.652227232300959, 11.29302548413881], [7.651666308053734, 11.293006837595556], [7.650858197048194, 11.292671206111322], [7.650496924093829, 11.292382189186753], [7.649916984581239, 11.29204655500456], [7.650097622407372, 11.291813477709866], [7.650449387729111, 11.291608366632886], [7.649833117404512, 11.291268659421121], [7.649521459148048, 11.29107381140733], [7.649280002869887, 11.291272733350013], [7.64846238513104, 11.291216793720082], [7.648414848766322, 11.290993037898431], [7.648319776936205, 11.29071334244685], [7.648148647642017, 11.290237860089235], [7.647929115935995, 11.290018352664902], [7.641949966118091, 11.288845661897824], [7.63895520122162, 11.287796794286692], [7.634593967737487, 11.28629426456871], [7.631040465744945, 11.284929868918368], [7.629092178960946, 11.284061405309671], [7.627903093552959, 11.283531359284837], [7.618667561558766, 11.277690311159006], [7.607601519794343, 11.271854523167747], [7.60750208175574, 11.271802082799923], [7.605281316579521, 11.274388316267846], [7.601968252832648, 11.278897766119087], [7.599452007304365, 11.282604997322835], [7.593137926574116, 11.292017657988595], [7.585784594683332, 11.302741458251774], [7.5823742099019, 11.306570678893763], [7.577561338684859, 11.315480521408972], [7.573983846377473, 11.319052097076678], [7.569966581092899, 11.32139880061419], [7.562183876884433, 11.323247361576534], [7.55584840488001, 11.327271721612703], [7.550928435199182, 11.331396678913677], [7.544511081721112, 11.333424177084169], [7.538319003019637, 11.334511916092083], [7.53734765067361, 11.334978165110272], [7.53411655023865, 11.336529095441449], [7.52990138733918, 11.339158730191286], [7.52490250394743, 11.340205705628875], [7.522406867283166, 11.340415442818482], [7.521725197360013, 11.340404114958005], [7.521664281781227, 11.346948045316083], [7.521892455072816, 11.353547491723418], [7.520295247427782, 11.361600846002318], [7.510619304837121, 11.358000634121993], [7.505628030609159, 11.356462664820185], [7.503667173101633, 11.355344135723328], [7.501135883714085, 11.353561474382559], [7.496358522228093, 11.351569072254904], [7.489499212218902, 11.352181935947613], [7.482975799893325, 11.357613225070338], [7.477446342574694, 11.367529557343232], [7.477229961193814, 11.368308531213813], [7.472503995962711, 11.376015752624937], [7.467724414050508, 11.377658567588867], [7.467637231073411, 11.377682532722758], [7.454370118386294, 11.378406193790852], [7.447736560693784, 11.377079483331556], [7.440463327820396, 11.376004188242746], [7.433618150657196, 11.375053505015273], [7.429111744111765, 11.374494277788756], [7.427571578665493, 11.37404689564778], [7.423797873173385, 11.374139238035468], [7.418122764354166, 11.374814951748647], [7.415060490948974, 11.374940937774113], [7.406330095557507, 11.375300118905386], [7.405453074000206, 11.375336200605204], [7.397914129233698, 11.37804232269508], [7.392313004041966, 11.374830245619364], [7.389978621216471, 11.370208433572373], [7.388813018905751, 11.365590095606478], [7.383584211242407, 11.355241772190084], [7.382971763935814, 11.35402965514453], [7.380634784767551, 11.349410057228397], [7.377128123963814, 11.343620300136763], [7.376078419083797, 11.341890732971024], [7.373620033238012, 11.337840080355477], [7.370110035050118, 11.333200455436724], [7.366612910657352, 11.322810173250957], [7.366621017146258, 11.319359779430329], [7.364293097748316, 11.311269759791628], [7.364323138701934, 11.298600197141411], [7.364336014295645, 11.292840004362745], [7.364614403931625, 11.290343927929996], [7.363264385742866, 11.286513536370649], [7.361109423960784, 11.27833608464266], [7.360206240225864, 11.274373531413403], [7.358970306434571, 11.270457540583095], [7.35778190810862, 11.264257115273722], [7.350429680585364, 11.262738067707687], [7.341207706770319, 11.262365105365348], [7.329894152693043, 11.263483995090326], [7.320196818828151, 11.265069082572154], [7.306601539029828, 11.269358102294632], [7.301847943927498, 11.271409348862392], [7.297569709774336, 11.273647057265919], [7.293861904803123, 11.277190057874918], [7.291032393030548, 11.281904197021106], [7.289577098404436, 11.28432877735122], [7.283993012667452, 11.275450397617817], [7.280983074409392, 11.275669054283469], [7.276847445753049, 11.275179558689729], [7.275084484961042, 11.274799193128331], [7.27328224987599, 11.274410353255234], [7.270197230817587, 11.275412222296268], [7.267791848315198, 11.27727738294493], [7.265652729889609, 11.278116507970537], [7.262695812961454, 11.277542305233226], [7.260562625564773, 11.278499375445847], [7.260497912148992, 11.27852841005813], [7.258461936968843, 11.276497135634372], [7.257048800761595, 11.275150229099836], [7.252711145702847, 11.272877569444347], [7.252297080745734, 11.27288523076885], [7.249561889869369, 11.272935842814945], [7.243916995572931, 11.273984766184071], [7.240615267780413, 11.275064184664416], [7.238450576233163, 11.275771877370289], [7.23488516631744, 11.276117560577006], [7.232893741752832, 11.276787154403678], [7.232832504216731, 11.276807744381927], [7.227398255425214, 11.278634940150425], [7.222121764807639, 11.276117560577006], [7.21512683343667, 11.269965041253727], [7.20995729919008, 11.261107234411384], [7.194785908043286, 11.257561206684386], [7.195329319792336, 11.252239284115717], [7.196520381910148, 11.249404871937315], [7.199033305342823, 11.243424696892305], [7.199746343618926, 11.238762298441372], [7.199746343618926, 11.234566072566224], [7.200578222806769, 11.2285047525923], [7.202741109414717, 11.222163542013902], [7.20656734430753, 11.215498055690773], [7.208730638308339, 11.207895310320339], [7.211368883167495, 11.202439621691212], [7.216217549200564, 11.200061469761067], [7.218499274921669, 11.199851631847366], [7.219711441429922, 11.194185952419843], [7.206467072597377, 11.185571824979775], [7.200074029592827, 11.173159013377813], [7.201024748793145, 11.153385120427004], [7.200276174705721, 11.151728553030352], [7.200134119593997, 11.151632616052439], [7.185864448985171, 11.14199542974535], [7.181891441137168, 11.140368461735193], [7.173025532302518, 11.134899700560766], [7.161554182279758, 11.13086660720819], [7.152109716190523, 11.128836295958365], [7.144266285260926, 11.130118950429278], [7.133808376755212, 11.135366110557584], [7.129292461677835, 11.138164558847336], [7.123350469148875, 11.145043960610337], [7.121306320929989, 11.149294894943523], [7.118678839157155, 11.156086292648354], [7.109264762059183, 11.162491490889636], [7.101421331129586, 11.16645558016097], [7.095753850359927, 11.16952325489433], [7.089893864310454, 11.174849943869845], [7.084558257657534, 11.181023972278524], [7.07665540672167, 11.195305185685811], [7.073743830913088, 11.19888995170993], [7.068960525807654, 11.203290701404796], [7.061356391884033, 11.207753497126248], [7.058421297904601, 11.200257194613869], [7.053889347015797, 11.202040573613658], [7.051892836785044, 11.203159698061654], [7.049278360108303, 11.203952409076464], [7.046901562557139, 11.204838377988779], [7.043383230351822, 11.205214396227461], [7.043369166753678, 11.205212709998591], [7.040246529953436, 11.204838377988779], [7.036716273637182, 11.20574647112278], [7.030459826859556, 11.208041248704717], [7.025450174985622, 11.209558833973063], [7.013898939984131, 11.21711264813024], [6.999067724595875, 11.226764455615182], [6.983951294616588, 11.234317821010677], [6.97570038266656, 11.239037302129816], [6.970087050976645, 11.242879867811723], [6.96773385972989, 11.245169639767084], [6.968896865697843, 11.249790191863895], [6.971901000630737, 11.254740058606842], [6.972404957322965, 11.255570411645238], [6.973768308860429, 11.257368467580761], [6.97591495461154, 11.260199546871661], [6.978253841241838, 11.26366996769491], [6.980597019436971, 11.265999793655624], [6.984107017624808, 11.270629883062725], [6.986447810817879, 11.272950171713092], [6.988790989012955, 11.275270462162155], [6.993476867863194, 11.278759955807345], [6.996993065077959, 11.28108978266738], [6.999334811552387, 11.283410072217123], [7.002844809740225, 11.288040160724904], [7.005187034654, 11.29036045207323], [7.008699893585288, 11.293840408408187], [7.008747731222854, 11.304436677610624], [7.007727816385682, 11.308653821716575], [7.007574782350389, 11.310985832130484], [7.008715645210884, 11.314621596009886], [7.009618828046541, 11.33091204865218], [7.008189352956322, 11.34075248803697], [7.009896910114378, 11.347400386318839], [7.012249938583864, 11.346433294960661], [7.013421669774289, 11.346011924810512], [7.013628480569992, 11.349229694594783], [7.006193161085548, 11.361789702732665], [7.002672194766035, 11.361769675729988], [6.995633124669041, 11.360569954040216], [6.988540937914024, 11.360675173820255], [6.981427171027178, 11.359621411199214], [6.975470433213957, 11.35738480086792], [6.968379903909465, 11.357499592132513], [6.961312151734489, 11.358762770885221], [6.958995981979058, 11.361119865189664], [6.954315988292251, 11.363508503214916], [6.949636475742807, 11.365897128649635], [6.946162123083582, 11.369428444367259], [6.940347164290245, 11.374158888222155], [6.934461554756979, 11.375405797339738], [6.92862312006099, 11.378978257940275], [6.923967569048102, 11.382524836951688], [6.919288060095937, 11.384913448896611], [6.911015389948318, 11.385044481917362], [6.897991355916417, 11.384070063782474], [6.89774917928122, 11.381299652756809], [6.895289194440807, 11.381264702404167], [6.893403036421034, 11.38225692531688], [6.891759650387598, 11.383396698199135], [6.889442272842643, 11.383641353365817], [6.887620714024763, 11.389651573861101], [6.886931418750009, 11.396202088155917], [6.886926361862152, 11.396333560945152], [6.886117935194591, 11.417349815141904], [6.886460304399577, 11.423166274903735], [6.886503714674745, 11.423904531069297], [6.886651234067244, 11.426413277151084], [6.886877975638129, 11.430269247228011], [6.886931418750009, 11.431178093094559], [6.891481875887905, 11.441417693871529], [6.893438339307977, 11.445819854602632], [6.897537582293637, 11.453106877680284], [6.900759220062014, 11.458833693919871], [6.907266617260632, 11.475102425236798], [6.903199195886202, 11.486490249825238], [6.901128918764641, 11.491805499424288], [6.895878791772873, 11.505198480325646], [6.900621414246928, 11.514683722575796], [6.903199195886202, 11.519839287653042], [6.904760838042307, 11.523586273387878], [6.907266617260632, 11.529600143332004], [6.906637669193117, 11.53400134988243], [6.906153679248973, 11.537390709413785], [6.905639648351155, 11.540987967920444], [6.904489040436943, 11.549617766946426], [6.904012680340998, 11.553189277862941], [6.902339458399354, 11.554482459797725], [6.8994053186006, 11.55673359238142], [6.886100001813702, 11.56700000284792], [6.876100000214876, 11.574400000559649], [6.867400001908607, 11.577599998840924], [6.856800001419003, 11.589000002947841], [6.854400001359011, 11.595199998381247], [6.854398006662734, 11.595221182811372], [6.852424576632927, 11.616189057978715], [6.852000002198395, 11.620700001603836], [6.85519999958035, 11.64189999898582], [6.860887935429901, 11.653222208138459], [6.86580000096933, 11.662999998950852], [6.868999999250605, 11.678499999675296], [6.874295498838251, 11.690375566179512], [6.877906111377968, 11.698422697149795], [6.881150394075462, 11.705599402190728], [6.880761111735978, 11.710889489658257], [6.883955527925309, 11.716810134979767], [6.884426134158787, 11.720057826107848], [6.884426134158787, 11.725643157405841], [6.885495693371581, 11.735417216031749], [6.883974542291355, 11.744725522065266], [6.885578879761567, 11.748157879982216], [6.885816559786463, 11.752346464317895], [6.883083243097246, 11.755371512085674], [6.882548463940509, 11.758396526578508], [6.886232499830044, 11.761305164301916], [6.887777418193366, 11.765900745822819], [6.889738275700893, 11.77160148981693], [6.891954540669587, 11.776195992151372], [6.891472471677275, 11.777985368729844], [6.891322210251872, 11.779118973162156], [6.892631160899384, 11.779672262165207], [6.893876603222736, 11.781258320015525], [6.895384161050231, 11.783381631956786], [6.896176863971164, 11.785178068213327], [6.896373016001917, 11.785622586912893], [6.895720996726652, 11.786855982817428], [6.896081055596312, 11.78747661935057], [6.897384755102394, 11.787757571155055], [6.899197062594396, 11.78804840381082], [6.900623141844562, 11.78833923826528], [6.901217341007509, 11.7880774878858], [6.902227480214094, 11.788979070827509], [6.902052420882569, 11.789910310712344], [6.901395601026195, 11.790636813638116], [6.901870960176723, 11.791858300720037], [6.900949950979509, 11.793079784204735], [6.900385461819667, 11.793894102331024], [6.900812280962043, 11.796507228226062], [6.901247051010671, 11.797558506020266], [6.902210167365354, 11.79885044419268], [6.903267329423784, 11.797093187800442], [6.904396306844149, 11.794621170031007], [6.905644126075629, 11.792498126087708], [6.906743395291528, 11.790549564111132], [6.908288312755474, 11.788310155089619], [6.909862941121901, 11.785779890929291], [6.912388287789327, 11.785285468849338], [6.914166894086918, 11.785605979132697], [6.915154150943351, 11.78596357835653], [6.917399338109021, 11.785866567588073], [6.919947264954374, 11.787281192173339], [6.922457162168371, 11.787430099219762], [6.925005089013723, 11.789514793373087], [6.925328334135372, 11.790985237079099], [6.927795768959641, 11.792204030691494], [6.92863683472217, 11.792920999004934], [6.930622173574477, 11.793350960378575], [6.933315926388957, 11.793384344112212], [6.934395340372703, 11.794892345305527], [6.937009817049443, 11.795561244855605], [6.939142991855647, 11.795968401220762], [6.940462114734828, 11.796003300312123], [6.941434936573103, 11.79732094470586], [6.943528183279057, 11.797713348592197], [6.945346432591862, 11.799423386979754], [6.945738605352403, 11.801307904636133], [6.946808163665878, 11.802389753084697], [6.946950770961337, 11.80361118800596], [6.948055981998039, 11.803925270834611], [6.948662064802477, 11.802599141337339], [6.950658575033287, 11.80242465127668], [6.952730086924021, 11.800333080907023], [6.955635755086064, 11.801639678928098], [6.956469843908224, 11.802564244044675], [6.959779440768614, 11.80350296898689], [6.96256633007215, 11.803715881682649], [6.963635888385568, 11.804413841925339], [6.967557604300055, 11.80420445367264], [6.970801931963649, 11.803855475349962], [6.971764534805459, 11.803960169026652], [6.972299313962196, 11.80322730789402], [6.973440176822749, 11.803157512409314], [6.975882336200925, 11.806096694706753], [6.976773635395034, 11.8085976904311], [6.977130155432349, 11.809121150720557], [6.977568163939679, 11.808477845875927], [6.977664933689766, 11.808103308820705], [6.980427961281464, 11.809092070242912], [6.982121428760991, 11.809411962691968], [6.982626498813943, 11.810051746690817], [6.983814897139837, 11.810168071299472], [6.98420146712408, 11.810659467160747], [6.984111997170999, 11.811273149236513], [6.984871816381258, 11.812127299235499], [6.985656914634944, 11.812436381833606], [6.986845313860215, 11.812203736213519], [6.987640391890636, 11.811382820660697], [6.987796033060533, 11.810197151777174], [6.989915028256007, 11.810771161160233], [6.990949084033048, 11.810842078998803], [6.991331518934487, 11.811651199942958], [6.991806878085015, 11.812320059023534], [6.992193108125491, 11.812698109730036], [6.992810793083663, 11.812020687304937], [6.993712646721292, 11.811031611120029], [6.998751458213292, 11.810612845406524], [7.01733764801412, 11.81558492000812], [7.021426103631825, 11.811078140244035], [7.031931547602881, 11.804982707186241], [7.033754431122134, 11.803113129067697], [7.037323622687097, 11.800914507898256], [7.038808406083149, 11.79825902933078], [7.039636458655707, 11.796117514211971], [7.042609992357313, 11.790379245106124], [7.044368530283521, 11.789586471138762], [7.049715856002024, 11.788524178448142], [7.055069643349384, 11.78876212377304], [7.056544909220236, 11.78947596244575], [7.060018306799464, 11.789875414318942], [7.06260000228832, 11.804499998775952], [7.067100000264873, 11.806400000959343], [7.069899998985818, 11.807599998741011], [7.072400000059986, 11.808600000789454], [7.07443046599326, 11.816129652861264], [7.074800000119978, 11.817499999325548], [7.10076347975081, 11.82045098972145], [7.141816020293163, 11.849309142403058], [7.14256810713249, 11.853286469694865], [7.145049808801673, 11.858968755104002], [7.14623686264116, 11.865917348906578], [7.14623686264116, 11.872965064186417], [7.147055341031205, 11.881031894806142], [7.144668176095479, 11.887269272359106], [7.140817764728126, 11.911340510056561], [7.145807957970931, 11.912370073719956], [7.164957096392925, 11.909046176739707], [7.171399998711024, 11.910599999290582], [7.182500000674565, 11.909499998925867], [7.190699998406274, 11.907000003247617], [7.191574971307944, 11.90676977320652], [7.190962783905377, 11.903697263717788], [7.193064324159309, 11.90065155402607], [7.199764885840864, 11.90051449734625], [7.20597813458329, 11.906910489227755], [7.205295247877416, 11.908544425185141], [7.217083732128572, 11.912873483624423], [7.226416836967474, 11.913511152417811], [7.235934681440426, 11.921363373321071], [7.246568182575629, 11.932563021066642], [7.24379739743199, 11.938864112888552], [7.240850168000918, 11.942026618433715], [7.23787917128675, 11.945537883766349], [7.231176603217705, 11.949444405634836], [7.225543592562815, 11.952234743838403], [7.22351105639018, 11.951774474412503], [7.222318309842194, 11.94959407440706], [7.22032180141008, 11.949761493997812], [7.219751368630796, 11.951435697999102], [7.220466562581862, 11.956848888265654], [7.220466562581862, 11.960920798156337], [7.213944401213212, 11.962404967315422], [7.211063318717208, 11.964171648602758], [7.210966726133563, 11.969907065059033], [7.209714123408105, 11.974137897745834], [7.209540647782717, 11.975933702678276], [7.211924544582132, 11.97971803455971], [7.210800652827913, 11.985461921730348], [7.208216741409558, 11.988018277921242], [7.205504292589069, 11.989030642949842], [7.201759206222448, 11.989475419754854], [7.198811976791319, 11.990172903356836], [7.197623579364745, 11.991288873882468], [7.197290826610413, 11.992637331747517], [7.197296064261991, 11.9937841742003], [7.197005611120119, 11.9945437613855], [7.196815466560565, 11.995334228591844], [7.19744750379931, 11.99574253698853], [7.196904609160413, 11.998385843232143], [7.195393951369795, 11.999425145654016], [7.193669057980685, 12.000410030998182], [7.191971362788195, 12.001545414289467], [7.190145981851629, 12.001601210027843], [7.18849173110857, 12.001545414289467], [7.185981832995253, 12.001991783793812], [7.184384626249539, 12.00372145977758], [7.182844460803267, 12.006120670232804], [7.180448648886113, 12.007906114975299], [7.17651267332127, 12.00835247368775], [7.174744336382048, 12.010137904940393], [7.172975999442883, 12.012146499361506], [7.171606964190119, 12.0142666663736], [7.171207661604342, 12.017279507643195], [7.170523144427648, 12.02034810687968], [7.168583677294919, 12.0212407820365], [7.165156871792249, 12.02132969171197], [7.163334141157748, 12.022017897907688], [7.160027207189898, 12.021966079870765], [7.156604618608299, 12.023416669243943], [7.153866549002089, 12.025592539364254], [7.153581332612475, 12.027768390598794], [7.153296117122181, 12.029609482691512], [7.15221229825903, 12.031060030695926], [7.150309908375618, 12.031488220405095], [7.148669919081556, 12.033022443131301], [7.149169047313706, 12.035044815166145], [7.149668173747273, 12.036927697855049], [7.150261958322744, 12.039030206678717], [7.150309908375618, 12.041809187344143], [7.148679087669791, 12.043350376218939], [7.147315145277787, 12.047457656445715], [7.146530801555286, 12.052199489315], [7.145675155084405, 12.05680177618109], [7.143464733011058, 12.06398397518035], [7.141396919132546, 12.065099639936477], [7.139756928939164, 12.063844517310656], [7.137554202364583, 12.0619341045753], [7.134694351063501, 12.063495870837812], [7.13169958706635, 12.064890453131966], [7.130271576072403, 12.068389018238634], [7.133945660064228, 12.07307650327806], [7.136626686572356, 12.077929443788832], [7.136284428883357, 12.081555146952496], [7.136398515079463, 12.085571253010983], [7.133261141988157, 12.090256633636784], [7.117235417380641, 12.093964401735775], [7.11910000066456, 12.09719999878098], [7.121599998141448, 12.101399999110697], [7.123699999655287, 12.107000001948563], [7.125418943129773, 12.111655473821088], [7.126099999715279, 12.113499998626082], [7.127889920383552, 12.124470974855626], [7.135073831692011, 12.131824384088077], [7.145599998740977, 12.14719999958038], [7.150600000889369, 12.16510000126408], [7.154825017660471, 12.17745824290364], [7.156845295174264, 12.185125079358954], [7.149952583445042, 12.206962726648555], [7.150427942595513, 12.231585999694175], [7.148280274315255, 12.234544681991508], [7.139494674939328, 12.24319995611313], [7.128345736366668, 12.251868185868148], [7.128463354200505, 12.251896322957009], [7.128518820787008, 12.251909591554465], [7.124639692268033, 12.255277927634324], [7.118816538852229, 12.260271543696831], [7.10669487287015, 12.271419737630822], [7.099089121965449, 12.277109780591957], [7.093265967650325, 12.28256746211872], [7.086610935945998, 12.316240006770954], [7.082808060043988, 12.32935952002589], [7.083283420093835, 12.337718511600087], [7.084709498444624, 12.347470332689738], [7.074726949089495, 12.374982442186024], [7.0683000007445, 12.411299999995038], [7.066900000035048, 12.423200000179918], [7.065900001583827, 12.431699999155683], [7.059900001883648, 12.480799998920872], [7.059400000409767, 12.48860000068953], [7.058800002418252, 12.49120000097929], [7.05770000115416, 12.497000001349022], [7.055603312742733, 12.506817343445675], [7.05412561240712, 12.51413326443867], [7.053700000154947, 12.516300001044272], [7.053700000154947, 12.529300000694548], [7.051199999980042, 12.53990000208347], [7.05210000011499, 12.55339999871103], [7.051317047643693, 12.56368402329906], [7.05021977222475, 12.575078061303543], [7.051600002238388, 12.587000002248374], [7.047440661157623, 12.611054335389326], [7.046299158879151, 12.617655477917992], [7.046000000299841, 12.61960000193858], [7.046999997851685, 12.634000001398988], [7.047200002578109, 12.637699999355561], [7.046300002443218, 12.649999999100714], [7.045635962829465, 12.653221781659965], [7.044474471319859, 12.65885700914373], [7.03928775282759, 12.658740127854685], [7.03500455531605, 12.661370259929583], [7.020629762053943, 12.665146996137025], [7.020458219970919, 12.665192065661358], [7.020318239595156, 12.665267855127468], [7.02022445019827, 12.665318707292556], [7.016578059030223, 12.666256976278476], [7.000324330203739, 12.670439247373395], [6.988991772552311, 12.673441929001854], [7.019693471576488, 12.70031655766303], [7.043014568567514, 12.719585605391444], [7.06071415723261, 12.739841594314157], [7.060438887344844, 12.761706796831277], [7.066412750947734, 12.799634479247857], [7.066472242899749, 12.810573151829544], [7.056076722163027, 12.823255149405668], [7.068569167832891, 12.832182070945862], [7.063282557144362, 12.83814585135002], [7.062857569920936, 12.843599994943872], [7.06490990916501, 12.859538749713579], [7.064952490265284, 12.877241341214983], [7.066430050306622, 12.88173323989713], [7.065061015053857, 12.885653537580765], [7.06618036613105, 12.88957368957415], [7.066216901988469, 12.892510190992596], [7.0653790818792, 12.897509104061953], [7.063893584421407, 12.903127360439385], [7.065260241866724, 12.905675806193528], [7.065561550725022, 12.907517848869702], [7.0653790818792, 12.909266755056763], [7.064487782685092, 12.91019344077472], [7.065400001009266, 12.912599998691064], [7.061350442868672, 12.912805248263624], [7.061457365964714, 12.914479328158507], [7.062408085165032, 12.91615891190429], [7.06205156602698, 12.91911263623922], [7.061219686839138, 12.919286384359225], [7.060328387645029, 12.91830181377776], [7.059674767576496, 12.91911263623922], [7.058664630168607, 12.922471731785038], [7.057060290899756, 12.92484623606498], [7.055970418699928, 12.92790898071496], [7.05511161380997, 12.930380937330426], [7.053079155878379, 12.93278039599852], [7.050999458358376, 12.93260665687177], [7.049929900044901, 12.933301607982855], [7.049216859970159, 12.934749416652323], [7.050167579170477, 12.937413363236146], [7.052009596665584, 12.938224123644432], [7.052009596665584, 12.939382348816366], [7.05088061924522, 12.94169878297248], [7.05218785668427, 12.943262363167548], [7.054564654235435, 12.943320273212066], [7.056228411711857, 12.943899374556565], [7.05781754974015, 12.946369635949964], [7.058308110131236, 12.948010955341374], [7.057892170087655, 12.949864039893555], [7.058783469281707, 12.95050103509476], [7.059793607588972, 12.95113802669863], [7.059734187582762, 12.952006653084595], [7.059021149306659, 12.95287527317538], [7.056584931749228, 12.955481118159128], [7.054505234229225, 12.956928798225533], [7.049276279976368, 12.961213881615379], [7.049751640026216, 12.964630315236889], [7.048622660807212, 12.965730511653817], [7.048741500819631, 12.968741553380028], [7.050207992005255, 12.970298230379058], [7.049929900044901, 12.973373853320709], [7.050108159164267, 12.977832360175341], [7.050524099207848, 12.981364368370976], [7.050320982827145, 12.984025902973087], [7.048951133687922, 12.9868121285769], [7.051746248190852, 12.989646901383423], [7.051266663126057, 12.995474501047454], [7.090555190669591, 12.995277404728483], [7.108221803893173, 13.010014659848707], [7.12913339319158, 13.027457698014416], [7.138839085355528, 13.035553116283324], [7.145486523184559, 13.04100465903781], [7.147499085414495, 13.042776107631312], [7.179413396111386, 13.081153096738092], [7.188433341725386, 13.09223070018669], [7.196740248163962, 13.101502166391924], [7.218888282967953, 13.125555039033884], [7.230108049446983, 13.125394737577153], [7.230260435071045, 13.125361188368174], [7.243817416340733, 13.122376344792542], [7.264224069585168, 13.11859636203252], [7.292751537953166, 13.114217526118011], [7.306850987583061, 13.11205329682224], [7.322063850966003, 13.109718138781147], [7.338927374099057, 13.107129582364394], [7.344368118693751, 13.106220901073755], [7.34875792993455, 13.105382833650879], [7.349244143002863, 13.105324557582321], [7.37972164194025, 13.099721908938989], [7.382328772055246, 13.101237859239859], [7.385319569142837, 13.102988637815429], [7.403241938764495, 13.11339776079808], [7.413228136669204, 13.119203995268208], [7.448022796015266, 13.13943343980145], [7.453169163725988, 13.142425371833497], [7.46603300421981, 13.149976389998471], [7.48429013388261, 13.16051731941883], [7.494380106356857, 13.16638276255452], [7.507490698337108, 13.174003927839067], [7.519770201633548, 13.18114176597976], [7.525605806163071, 13.184533818081263], [7.530777746995454, 13.187540436042354], [7.538307416154396, 13.191917977832475], [7.545836167105449, 13.196294908083587], [7.551237378402334, 13.199434917987105], [7.579849490961294, 13.216069421566601], [7.594816093887687, 13.22477271408951], [7.601973949138483, 13.228934998651312], [7.611668228905671, 13.234572099422905], [7.614693726334451, 13.236269819796405], [7.616441769172354, 13.237347802958766], [7.619423942660887, 13.239081852345635], [7.624411470313134, 13.241981931221176], [7.626385198018511, 13.243042421670452], [7.626681566900857, 13.243242201566375], [7.626981074417074, 13.243437244733116], [7.62728364412493, 13.243627500808543], [7.627589199581962, 13.24381292482667], [7.627897666144406, 13.243993467324685], [7.628208961974053, 13.24416908423592], [7.628523009729179, 13.244339728795524], [7.628839732068002, 13.244505361433312], [7.629159046253051, 13.244665938082619], [7.634733833899361, 13.247983927416385], [7.641949016434012, 13.25217914695014], [7.6488606040337, 13.256197775606893], [7.651926302956554, 13.257980255284622], [7.655579937264349, 13.260172347375999], [7.661388688936881, 13.263501755401762], [7.666753459704466, 13.266598260601313], [7.671494887878794, 13.26935764324071], [7.674886130590494, 13.271329296210126], [7.679935093629695, 13.274264706750841], [7.686701884084755, 13.278198789242765], [7.725978992036914, 13.297238407326688], [7.75889974932403, 13.310406463287677], [7.767461897748433, 13.31569238869281], [7.778442701769336, 13.322908527206835], [7.796126072959964, 13.337340154924277], [7.819701154684594, 13.352274842709846], [7.847383415012644, 13.348251642799141], [7.866542150100202, 13.345574617374723], [7.891233810292135, 13.342124439391398], [7.923282065115245, 13.337646542254163], [7.925655554959917, 13.337314907357154], [7.929226510095418, 13.336779850309881], [7.946612237165084, 13.334386714775121], [7.959703457748446, 13.332557514417829], [7.978858324851842, 13.329881032183948], [7.991800964842696, 13.328072557602525], [8.007854616997008, 13.325829366032451], [8.034671409358111, 13.322082179748861], [8.040573058300026, 13.32125751941902], [8.045542416049727, 13.32040974291533], [8.053230421646674, 13.318725345098642], [8.062040113860235, 13.316795177855226], [8.084116400751327, 13.312102963281177], [8.101513976388958, 13.308146705306228], [8.115366625069726, 13.305111633694992], [8.122220993304268, 13.303609848615679], [8.123332977135249, 13.303054810431206], [8.12472152677708, 13.298610687333394], [8.130554200416043, 13.290833472586712], [8.141387939202104, 13.280553817804503], [8.149575948071572, 13.275051056860832], [8.16277261956077, 13.266210046656397], [8.16773738177477, 13.262845198147431], [8.179759952359973, 13.254764784167492], [8.187204771383165, 13.249760958101774], [8.19004660476702, 13.247850873618972], [8.194336915915983, 13.24496719118298], [8.197418808031614, 13.24279862265837], [8.211985638926137, 13.233104456205751], [8.217945187120733, 13.229098564647074], [8.22611045843098, 13.223609923958861], [8.235832214285324, 13.219165801760369], [8.243082028812637, 13.218533635019298], [8.251508712357236, 13.217596054014734], [8.274667397182668, 13.205103951885917], [8.287221908664208, 13.198331832947758], [8.310789231038257, 13.176050382818971], [8.319336567628568, 13.167968902243103], [8.32334768514761, 13.164093915102171], [8.330795258794183, 13.157134458388612], [8.339596608896443, 13.148813143911525], [8.34356996568141, 13.145056405029095], [8.351000061903392, 13.138242681654503], [8.35822276456895, 13.131985736652496], [8.36712639996341, 13.124272399851407], [8.371347852721271, 13.120615215919543], [8.377973276945227, 13.114875281269292], [8.384786735919192, 13.108972302230029], [8.393281329969454, 13.101612640011354], [8.408609390211211, 13.088333130169872], [8.427161618014281, 13.083631214608943], [8.434368199432924, 13.081879917124525], [8.44916534400545, 13.0780544277697], [8.454166412749771, 13.07999992485668], [8.461270123417535, 13.081629714939425], [8.463566094399766, 13.082348331710193], [8.471109390086326, 13.083887101408664], [8.49749946582773, 13.085832596697003], [8.516387939351944, 13.083610534698494], [8.536943435790988, 13.076944352300075], [8.541942596173897, 13.074998855213039], [8.564342440251437, 13.059877605766928], [8.573436587128867, 13.053254487404729], [8.58722324625586, 13.042897314659399], [8.59575876665383, 13.036562641252942], [8.614999770822806, 13.021944046280737], [8.628932327864675, 13.00626099844635], [8.637568212602957, 12.992126145205475], [8.642937737186855, 12.981642722034053], [8.647565700596658, 12.972606762192356], [8.651927047395361, 12.964092294923546], [8.654519633674226, 12.95900375092242], [8.659999847714857, 12.948331833447412], [8.663610457556615, 12.943332672165127], [8.684102474449674, 12.937163027052122], [8.707874155168156, 12.930005760857227], [8.741353699014041, 12.919926084721055], [8.764188384186639, 12.913051121112403], [8.793988216982655, 12.904078836868848], [8.816544689685713, 12.897287206239639], [8.842562631360408, 12.889468271043938], [8.858882506222756, 12.884576737026862], [8.88083690709766, 12.877967527579358], [8.899540695846497, 12.872347180278211], [8.907879860966887, 12.869834406133009], [8.928139400413045, 12.86375323722217], [8.932439488991292, 12.862461030152474], [8.95519395014071, 12.855623044867684], [8.963865618903242, 12.845231509926293], [8.977528487249913, 12.837483301013606], [8.984165296890978, 12.835802416848082], [8.988643035747543, 12.836337549438383], [8.995924897615964, 12.8400787633243], [9.00338804122515, 12.840403191953783], [9.017030857388193, 12.845454986958146], [9.032499312593245, 12.846666335982661], [9.040895137700488, 12.84614142059013], [9.057519298177112, 12.845205927811378], [9.08170296102287, 12.834228611361368], [9.089118569166658, 12.83515557496986], [9.0984356139125, 12.834599397344334], [9.10746744406731, 12.834043217920225], [9.113439480247848, 12.8335895387263], [9.119256358194434, 12.833208943837747], [9.12885861932989, 12.833116247117175], [9.137723744855009, 12.833236665439813], [9.144450410258287, 12.83348703489878], [9.158941824905355, 12.833851046288828], [9.161091433023273, 12.834020325677557], [9.167267662972336, 12.834506699724443], [9.181877044390149, 12.834290409175082], [9.185480268999243, 12.834373834784685], [9.187571850160793, 12.833724957740628], [9.193276163564121, 12.832797987836898], [9.225580744955437, 12.830792548237582], [9.240981244688726, 12.829426934905143], [9.248060548655417, 12.8289438011156], [9.262088604705411, 12.82798644042191], [9.294625284928998, 12.825765922559356], [9.317296056967507, 12.824218709126171], [9.334758558260887, 12.823026938342593], [9.366707098054178, 12.82084651675342], [9.380372899090048, 12.822315626764805], [9.413825205169132, 12.822458967007776], [9.430753942640365, 12.823119459695363], [9.45285815797763, 12.819179645824022], [9.47544245120821, 12.81368980364158], [9.495197446704879, 12.812464796613142], [9.528749295143882, 12.811265067728755], [9.536378814230943, 12.811126010057365], [9.556581591167571, 12.813119164018246], [9.59014196877689, 12.808553428298126], [9.602834065739614, 12.807580012007975], [9.615296090042591, 12.805909434972477], [9.623018640397959, 12.80427723380734], [9.634931564739986, 12.802434921334623], [9.639682453782257, 12.807943159149545], [9.644433874323909, 12.813416167821913], [9.659475003168893, 12.830891349556168], [9.661990387146716, 12.833807799690248], [9.68073348975878, 12.820853580028768], [9.70482665382707, 12.822606645580265], [9.71123214524738, 12.81399926755222], [9.711651194247281, 12.813913759112722], [9.711956146259183, 12.81377898581161], [9.712481531097808, 12.813893200610778], [9.713021762844107, 12.813668200127381], [9.71399258279149, 12.813919089394517], [9.714080147980496, 12.813542182625667], [9.714228626050328, 12.81263227735775], [9.714508451004235, 12.811599272888202], [9.714547474386507, 12.810731247249294], [9.71426846961424, 12.810221087932916], [9.716719702252533, 12.8093559158429], [9.74833065183816, 12.79819870080945], [9.765183857948728, 12.796216203814822], [9.777653719843329, 12.799282197715286], [9.777350372221974, 12.804176718380916], [9.778373698187693, 12.80363323738402], [9.779127510826015, 12.80288703840614], [9.779645282004196, 12.802011396408886], [9.780155437723295, 12.801211897311248], [9.780904174588045, 12.800379403886438], [9.781438490593928, 12.800086765391939], [9.782237434809815, 12.79964919395519], [9.784418924793613, 12.798724061366386], [9.785599136590918, 12.799111436243834], [9.786217798212874, 12.80110275109115], [9.78636056468838, 12.8015622812743], [9.78676507344943, 12.804227277367033], [9.78591481301828, 12.806527423002194], [9.785891017856216, 12.808121661985183], [9.785867222694208, 12.810096613667838], [9.785248562870947, 12.811595674700698], [9.78534786601125, 12.812730915899124], [9.786166401058608, 12.813758842796403], [9.78695638173167, 12.81440605609464], [9.788317433702673, 12.814653519844114], [9.790280549407896, 12.814452358589506], [9.792030026664463, 12.81477788708986], [9.792943739661894, 12.81451900105111], [9.794497052297174, 12.812950461094943], [9.795365079734665, 12.811473291359334], [9.796166659863502, 12.810492986262375], [9.797419982046563, 12.80967632180483], [9.800292645089542, 12.809758206875813], [9.804456702215077, 12.809163343113823], [9.816185429214215, 12.80747327417231], [9.858193870850528, 12.820207731901348], [9.896399023795937, 12.852719905599201], [9.899680050993595, 12.855094373006978], [9.905327321298898, 12.856540317381814], [9.91023303132937, 12.858542380026847], [9.91536691285279, 12.863380631910672], [9.916507774814022, 12.868608063611305], [9.91771208034828, 12.872301308558576], [9.910963494869463, 12.877478461861585], [9.929673063561097, 12.918537914593117], [9.943062360839349, 12.911209778108798], [9.943084244042666, 12.911279444990441], [9.944880448274091, 12.916997742851606], [9.946587560267744, 12.920120923741706], [9.948424584726865, 12.923481781958742], [9.948541152152472, 12.923784897555038], [9.948549394439056, 12.923806330198033], [9.948593641983052, 12.923926003882002], [9.948640959812508, 12.924057450590908], [9.948647547346468, 12.92407645416506], [9.948717909404024, 12.924279439244799], [9.948747006069539, 12.924363947638142], [9.948762229793147, 12.9244095036957], [9.948858950979854, 12.924707188286163], [9.949170781006785, 12.925699375226031], [9.950849317042412, 12.928312966969884], [9.951959629933015, 12.930733272822351], [9.952018531030433, 12.930894113872284], [9.952088634083225, 12.931092774112301], [9.952114855616117, 12.931168782113673], [9.952182908214695, 12.931370726677756], [9.952190488600195, 12.931394300606541], [9.952208976862835, 12.931451788869026], [9.952219482742976, 12.931484457641659], [9.952235879182524, 12.93153544110777], [9.952258952188913, 12.931607186322651], [9.952411032043528, 12.932091080938676], [9.953289425066941, 12.934885965215187], [9.953677990646781, 12.93601928096507], [9.953720233601928, 12.93608356630358], [9.954642854384247, 12.93700618528726], [9.956771841946988, 12.938466061959218], [9.956977078029752, 12.938609184566246], [9.95702867393419, 12.93864583913421], [9.957086383429896, 12.938686835629028], [9.957096452239512, 12.938694058983685], [9.957200797878556, 12.938769841255237], [9.957224269284666, 12.938786887005278], [9.957232528658324, 12.938792886382657], [9.957244021094766, 12.938801436237327], [9.957277947119621, 12.938826676609892], [9.957300165770107, 12.938843207947741], [9.957317736724235, 12.938856279593665], [9.957449475712792, 12.938954321884523], [9.95931834606489, 12.940581675703811], [9.960442858351257, 12.941706190688194], [9.964408593381904, 12.944368898006303], [9.968754720953655, 12.946226827206374], [9.971654414020065, 12.947500833796482], [9.973864835194036, 12.948589524287172], [9.97586134542479, 12.949655047342617], [9.98180333885307, 12.95319903540718], [9.987998941098283, 12.956416817781985], [9.993056328087107, 12.955694331228472], [9.99702556507782, 12.955570140249847], [10.002396053734913, 12.956671726119339], [10.002599999290567, 12.956713558983608], [10.006151530868522, 12.957068535784344], [10.0061672770982, 12.957071708592537], [10.009876149564718, 12.958250996786148], [10.014869876243836, 12.961240602272028], [10.019167700329149, 12.96381355994788], [10.019334264664622, 12.96381355994788], [10.020693634004033, 12.96381355994788], [10.029083420163772, 12.965077221636534], [10.032086601815251, 12.965175105646665], [10.03900801630698, 12.961716591847278], [10.05117222741643, 12.952841703282047], [10.060880426890265, 12.965690793095689], [10.05688302942832, 12.973972112023375], [10.0569499587736, 12.974016888368737], [10.057117533947064, 12.97412899335842], [10.057177984576356, 12.974170512359308], [10.05725114622345, 12.974220758381364], [10.05727141424444, 12.974234841764599], [10.057372471962083, 12.974305652583837], [10.05966083018319, 12.975920962682324], [10.060843785812096, 12.976512442295416], [10.061119901961945, 12.976653488367845], [10.062216946255091, 12.977225857387452], [10.063749804709744, 12.977751410399321], [10.06657320019309, 12.978472276374532], [10.068999840869992, 12.979140671404934], [10.070908243620579, 12.979666320644242], [10.074347252024097, 12.980613557669585], [10.07819939728438, 12.980736589422122], [10.081015533440166, 12.981353062094172], [10.082482750378688, 12.981774133669376], [10.088749543856409, 12.983572616782908], [10.097262704410355, 12.966420386092011], [10.103655039648402, 12.96629977621376], [10.098623263552838, 12.985513558803746], [10.10933903017218, 12.984513560352582], [10.114700002203392, 12.984513560352582], [10.11544877234303, 12.984529151898869], [10.117848772402965, 12.984629150215142], [10.122933450218625, 12.985585801343689], [10.126433448844637, 12.986785802722693], [10.126688920157562, 12.986875547868294], [10.127230258969348, 12.987080201190395], [10.130268613106068, 12.988285064304307], [10.136410589677041, 12.989413557889407], [10.138099997616848, 12.989413557889407], [10.138116355385534, 12.989413511124667], [10.138132712254901, 12.989413426588442], [10.138149069124267, 12.989413307877896], [10.13816542599369, 12.989413152295185], [10.138181781963738, 12.989412960739571], [10.138198137933784, 12.989412733211111], [10.13820904131427, 12.989412549749431], [10.138219943795434, 12.989412361791096], [10.138230847175919, 12.989412171134859], [10.13834530479204, 12.989409072071055], [10.138356202776606, 12.989408672772072], [10.138367099861796, 12.98940826987581], [10.138377996947042, 12.989407863382212], [10.138443363270653, 12.989405016128615], [10.138454254959925, 12.989404473837453], [10.138465145749933, 12.989403927948956], [10.138476037439204, 12.98940337666454], [10.138486926430573, 12.989402800199116], [10.138497815421886, 12.98940220574724], [10.138508701715239, 12.989401596006871], [10.138519588907968, 12.989400970078748], [10.138530475201321, 12.989400327962812], [10.138541359696035, 12.989399668759745], [10.138552244190748, 12.989398984375669], [10.138563126886822, 12.989398293696354], [10.138574008683577, 12.989397601218343], [10.138699280647359, 12.989388282443315], [10.138709514932202, 12.98938743168469], [10.138729074287426, 12.989385806609732], [10.13876433490617, 12.989382669774443], [10.13879958023648, 12.98937936476591], [10.138834810278297, 12.989375891584189], [10.138899878926338, 12.98936903515289], [10.13904604483912, 12.98935151635942], [10.139094685571308, 12.989345034046153], [10.139143284934676, 12.989338233372848], [10.139191836633984, 12.989331110742228], [10.139202617706701, 12.989329473976113], [10.139213398779361, 12.989327832713343], [10.139224178952759, 12.989326186054711], [10.139245726708964, 12.989322822590225], [10.139267266371291, 12.989319397072563], [10.139288794342406, 12.98931590770303], [10.13931031332038, 12.989312357179585], [10.139331820607083, 12.98930874190495], [10.13935331890059, 12.989305063677818], [10.139376984560215, 12.989300940286228], [10.139400639428004, 12.989296738653593], [10.139424278107981, 12.989292462377307], [10.139447903298162, 12.98928810785992], [10.13947151409917, 12.989283677799563], [10.139495111410326, 12.989279172196063], [10.139505593908098, 12.989277140627564], [10.13951607370791, 12.989275097367909], [10.139526550809705, 12.989273045114999], [10.1395567770237, 12.989266747162674], [10.139683335017935, 12.989240378141005], [10.13969376085845, 12.989238074977209], [10.139704184900268, 12.989235762820272], [10.139714606244127, 12.989233439871384], [10.139730230166037, 12.989229919924924], [10.13974064071806, 12.989227551110616], [10.139751048572066, 12.98922516970589], [10.13976145372817, 12.989222779307852], [10.13977705516703, 12.989219157737978], [10.13978745132988, 12.989216720575257], [10.139797843895451, 12.989214274419282], [10.139808232863686, 12.989211815672832], [10.13988603681122, 12.989192872353215], [10.142187223861356, 12.988172837006857], [10.143818210042411, 12.986682886106337], [10.149004444699415, 12.987647766930934], [10.154630372293923, 12.993330822159749], [10.16283037362291, 12.996930823598689], [10.16350599290729, 12.997244277801201], [10.168205994710945, 12.999544278645601], [10.168619920273159, 12.999753496027097], [10.169820587150411, 13.00037993228807], [10.174447493856803, 13.002235551129843], [10.181920145098672, 13.003569482245837], [10.186198380151154, 13.004458766059258], [10.198063350843029, 13.007126597714375], [10.202854973778074, 13.00818260594258], [10.208331114789189, 13.009794400591147], [10.220766519159554, 13.0141295186624], [10.224334273607894, 13.014821153973116], [10.225581108081713, 13.010200001129192], [10.226472033157847, 13.006897960372612], [10.234695812561768, 13.008795074832904], [10.234840168139272, 13.008688374768724], [10.235422482761408, 13.008375741647228], [10.236040450106714, 13.008121003281701], [10.237181312967266, 13.007623105322125], [10.238928258632257, 13.006835729085651], [10.24036622062465, 13.006256775230042], [10.242303310849138, 13.005365181058323], [10.256477449175009, 12.999214275118732], [10.260318110992102, 12.99752559922706], [10.262463691046548, 12.990499108846848], [10.263652090271819, 12.985264963707152], [10.2654109195783, 12.983551104999549], [10.279172575753819, 12.980920077199869], [10.281478069657226, 12.980016813425266], [10.2820115043275, 12.979373909678259], [10.282502440635199, 12.976516034187682], [10.284607371333152, 12.964262316252928], [10.283399999110713, 12.962099999815166], [10.279300000694548, 12.960200001229111], [10.277300000194884, 12.95840000006001], [10.27409999831633, 12.957299999695294], [10.267600000739492, 12.955300000094951], [10.263975635767054, 12.954846954923084], [10.270418756620359, 12.944802659914899], [10.27093316523343, 12.941489204962863], [10.270723773383509, 12.93890986929506], [10.271934918261934, 12.936788579029724], [10.274100802310215, 12.934454196204229], [10.271675217437405, 12.920113167988347], [10.27142687864756, 12.918915890655853], [10.271498182295318, 12.918661060559543], [10.271548689120777, 12.918611831670717], [10.271700209597043, 12.918629206572689], [10.271729919600148, 12.918606040936083], [10.271750717321822, 12.918478625887929], [10.271789339606414, 12.918336731754835], [10.271836875971076, 12.918177462719768], [10.271836875971076, 12.918061630939576], [10.271824992329584, 12.917951590793336], [10.271836875971076, 12.917789425041974], [10.271866585974237, 12.9175925103861], [10.272341465786042, 12.9169722803465], [10.288971620244126, 12.905634596559423], [10.290116464403354, 12.875484308753869], [10.294688152736114, 12.871432691165808], [10.298345503941903, 12.866489631391403], [10.302501586778874, 12.863491333957938], [10.30466274938641, 12.861060255126745], [10.303831532998913, 12.855387647322118], [10.29551936912361, 12.835532512315638], [10.290516513426383, 12.815451401960672], [10.298204570284724, 12.817086004315684], [10.314901008374875, 12.814549525839993], [10.325251021617419, 12.811462194624653], [10.331009735011321, 12.847262016329012], [10.385395140373475, 12.841130544738917], [10.40249307989177, 12.833621938601652], [10.40958255429149, 12.830537442049376], [10.414050933004205, 12.8278491840926], [10.416142515065076, 12.826829494085928], [10.419374959087122, 12.824604697249015], [10.424413768780425, 12.82349229073668], [10.428311717411873, 12.822379882425707], [10.431511248045695, 12.820429344638569], [10.43320834518903, 12.81985532716169], [10.435254620304534, 12.81818656315943], [10.436037750841592, 12.817635923559067], [10.440757650145486, 12.814317247143265], [10.442524916891443, 12.812721006269499], [10.44726494572069, 12.809403442315045], [10.450175625804548, 12.807018054439709], [10.456274391749844, 12.80414290836859], [10.456292237896491, 12.804138527770874], [10.460396090806967, 12.801416937341855], [10.464959542249119, 12.799052851707813], [10.469594296439652, 12.795159016575383], [10.471947325808515, 12.793559745885602], [10.475218500933124, 12.790039292179642], [10.477352163171815, 12.790426071705895], [10.479063457012955, 12.790481700170403], [10.48066066375867, 12.791371742112233], [10.480805081389462, 12.792691772407409], [10.481573355126272, 12.794153099685843], [10.482143786106917, 12.796878800915977], [10.482714217087505, 12.798936965968267], [10.484197339435696, 12.799103842368481], [10.486707236649693, 12.799326345434565], [10.48881783307661, 12.801273238269403], [10.49092842860415, 12.80188511720445], [10.493381282720065, 12.802385741009175], [10.496290483419102, 12.803108866081345], [10.499713071101382, 12.803831989354876], [10.501609755685706, 12.805519265901466], [10.502964530388795, 12.807048931762836], [10.502893225841774, 12.808578587731688], [10.501966274823758, 12.80927388328314], [10.4992567263169, 12.809691058995213], [10.496048049577894, 12.81031682166406], [10.494621972126367, 12.81080352486282], [10.493837628403867, 12.811776928562438], [10.493816831581569, 12.813031339824533], [10.493711856417065, 12.814161174298818], [10.49375741157536, 12.814798513041012], [10.49444074074762, 12.815377912061024], [10.49506464991373, 12.815870398799916], [10.495926239104676, 12.815899368661007], [10.49695678842511, 12.815751031784714], [10.49845352830772, 12.815535591094715], [10.499610274994268, 12.815204091995327], [10.500858093326372, 12.814595724013486], [10.502165331664798, 12.814248083882035], [10.503116718162062, 12.81413767231578], [10.503858800043645, 12.814132202639087], [10.504958069259544, 12.815030273728212], [10.50638414671107, 12.815957309282453], [10.50769138594876, 12.81668155311121], [10.509028334290235, 12.817347856318577], [10.510127602606815, 12.818072098348694], [10.511226871822714, 12.818709427198371], [10.512118171016823, 12.819317786186957], [10.512801500189141, 12.819578510439953], [10.513336279345879, 12.81946263369366], [10.513860105659376, 12.81918650495328], [10.514405837659353, 12.81888324366679], [10.515653655991457, 12.818825304843983], [10.516693505201147, 12.818448701146679], [10.517971034435732, 12.818216944956077], [10.519070302752311, 12.818014158626568], [10.520050731056415, 12.817898280081636], [10.52112029026921, 12.817869311119864], [10.52210071857337, 12.818159005233952], [10.522932597761212, 12.818101067310465], [10.523913026964692, 12.81792724994267], [10.524834036161906, 12.817637553130623], [10.525606495343538, 12.817840340359453], [10.525873885371539, 12.818564578792348], [10.526200693607166, 12.819172937780877], [10.526557213644537, 12.819694388085566], [10.527032572795065, 12.819549542377501], [10.527183204741164, 12.818956309086445], [10.527091992801275, 12.818159005233952], [10.527032572795065, 12.8174927047246], [10.527389092832436, 12.817029189645439], [10.528042712001593, 12.81682640241661], [10.528815171183226, 12.816623615187723], [10.530122410420972, 12.816594645326688], [10.531251388740657, 12.816971249923313], [10.531934717912975, 12.81792724994267], [10.532320947054131, 12.818564578792348], [10.532707177094608, 12.819086029996356], [10.533509346279345, 12.819520571617147], [10.534044125436083, 12.81998408219971], [10.534668034602191, 12.820621406552732], [10.535291943768243, 12.821229761044663], [10.53582672292498, 12.821925020623269], [10.536302082974771, 12.82253337241724], [10.53686657213467, 12.823112752551538], [10.537371642187566, 12.823547286977771], [10.537698451322512, 12.823605224901257], [10.538530329611092, 12.822475435393073], [10.539154239676463, 12.822040897369561], [10.539926698858096, 12.821925020623269], [10.540669448036624, 12.821287698968206], [10.541620167237, 12.820476559945348], [10.542570886437318, 12.819897172616493], [10.543462184732107, 12.819578510439953], [10.544204933910635, 12.819926143376847], [10.544858553079791, 12.820302744376193], [10.545571592255214, 12.820505528907063], [10.546106372311272, 12.82059243669164], [10.546700570574899, 12.82059243669164], [10.546670860571794, 12.820099958946003], [10.546284631430638, 12.81963644926276], [10.546284631430638, 12.819259847364094], [10.547027380609165, 12.818622517615154], [10.54794838890706, 12.817550644446726], [10.548839688101168, 12.81624700699382], [10.549523018172806, 12.81534894219999], [10.549938957317067, 12.814508814430269], [10.55011658960899, 12.813748851328455], [10.550681705596276, 12.813292071272144], [10.551246195655438, 12.813234130650642], [10.552107784846442, 12.812770608376923], [10.552820824021865, 12.81216223499922], [10.55305850404676, 12.81111930201422], [10.553801253225288, 12.810771658285432], [10.554989650651919, 12.810424011858686], [10.555880949846028, 12.80998945494946], [10.556772249040137, 12.809873572807192], [10.558079488277826, 12.809467985759], [10.558406297412716, 12.80865680806528], [10.558673687440773, 12.807555921868357], [10.5592678857044, 12.806715767118988], [10.55900049657572, 12.806368116195642], [10.558822236557035, 12.805962522852212], [10.558988916005717, 12.80546858910418], [10.559683825747982, 12.805209275887421], [10.559594695738667, 12.803442036121112], [10.559713535751143, 12.802543924562542], [10.560278024910986, 12.801761697844142], [10.56051570493588, 12.800950494969413], [10.56051570493588, 12.799965461237093], [10.560426574926566, 12.799328082924717], [10.561109904098828, 12.798951452247763], [10.560604834945252, 12.798458930435345], [10.560877086708217, 12.798027269343038], [10.56140700412999, 12.797705660987504], [10.562120043305413, 12.7979953802826], [10.562833081581516, 12.797908465303465], [10.563783800781835, 12.797213138275765], [10.56417003082231, 12.796923418081349], [10.564318580837892, 12.796141173376498], [10.565299010041315, 12.795069203081312], [10.565744659188738, 12.794402842317368], [10.566487408367266, 12.794142090185346], [10.567259866649579, 12.79379442217487], [10.567764936702531, 12.793765449615876], [10.568418555871688, 12.794142090185346], [10.569012755034692, 12.793997229188847], [10.568658153251192, 12.785689930645844], [10.5721391680882, 12.77005651369717], [10.57301012371829, 12.761505400853594], [10.57639740311771, 12.745335923214327], [10.580675638170192, 12.736099911881468], [10.584117142192383, 12.711429580011156], [10.598615604826364, 12.70609687457113], [10.598615604826364, 12.703082687016433], [10.597543936703346, 12.702325453357048], [10.59644762985431, 12.701550807923468], [10.59478549655347, 12.70103194137107], [10.593322819392654, 12.70103194137107], [10.593385250329106, 12.700297688087858], [10.593805850659521, 12.698625759371339], [10.596280812809312, 12.697329988288402], [10.600145113306382, 12.695164374935985], [10.600145113306382, 12.693082662035295], [10.599563147621211, 12.689802354295239], [10.598722532419004, 12.686143496725037], [10.598269892841358, 12.683367777900685], [10.598027948231277, 12.680223214729608], [10.59631260923959, 12.663304396780518], [10.594114116673211, 12.664088157742356], [10.592319589677345, 12.664139230241346], [10.592152727666303, 12.664119496417698], [10.589182218384735, 12.663768193347494], [10.586805419934251, 12.663582674900567], [10.583668047742265, 12.661541964789876], [10.582337041221535, 12.659686759636315], [10.582432113051652, 12.656440118017088], [10.582717329441266, 12.653935537595032], [10.58167153841083, 12.650688823130736], [10.581006034700806, 12.64781312667452], [10.582812401271326, 12.645679525589685], [10.585474414312841, 12.643453138751397], [10.588794794943908, 12.642157220179627], [10.596496781401413, 12.616869896728417], [10.596484422917854, 12.590757267234153], [10.59446414630338, 12.590583294283647], [10.592914716041378, 12.590011504427423], [10.592087347852896, 12.588785564802038], [10.591552568696159, 12.58739376680893], [10.592282246228706, 12.585268940409321], [10.593080849601563, 12.58365443070744], [10.593194935797726, 12.582206932304132], [10.592681547915163, 12.580982118629947], [10.591198425566915, 12.579645951799307], [10.590000519608338, 12.57842112463527], [10.588517399058787, 12.57624982936619], [10.587664090825172, 12.574772774743792], [10.586863148315672, 12.573243387672278], [10.585950457847389, 12.571573128097441], [10.585437069065506, 12.569902856831447], [10.585722284555857, 12.568009870259345], [10.586463845729952, 12.566562281923837], [10.587832880982717, 12.565838485058066], [10.589601217921938, 12.565226040449431], [10.591027297172047, 12.565114687293033], [10.592966763405457, 12.565560100818061], [10.594735100344678, 12.565504424689493], [10.596446394185818, 12.565003333237314], [10.598043601830796, 12.564669271070045], [10.599543772627044, 12.564343883763286], [10.599583767277068, 12.564335208902833], [10.600781673235701, 12.564724948997252], [10.601946039877873, 12.564675815436601], [10.602550010174866, 12.562609212944892], [10.601808449000771, 12.56082752826785], [10.600667586140219, 12.559435578289367], [10.59986627311008, 12.55878379463644], [10.599298550887454, 12.558322012550889], [10.598043601830796, 12.557987942289742], [10.596446394185818, 12.558600404884828], [10.594630936368674, 12.558712440626664], [10.594464674205426, 12.558081272133052], [10.59427875466082, 12.557375479694656], [10.594678057246597, 12.55576079372571], [10.595134402031078, 12.554090420836303], [10.595419618420692, 12.552197317352352], [10.594335797758902, 12.550137161201064], [10.591939986741068, 12.547464498387967], [10.589487131725775, 12.54490317074476], [10.587001630420957, 12.54250446031267], [10.586349760433166, 12.540727041120078], [10.58600750094547, 12.538611109015505], [10.586463845729952, 12.537553135768633], [10.587661751688529, 12.537274721850963], [10.589087830039375, 12.537107672780905], [10.590285735997952, 12.538221331149543], [10.591597728152692, 12.539167935052205], [10.592795634111269, 12.53994748898549], [10.594335797758902, 12.540170217781395], [10.595647790812961, 12.53994748898549], [10.59690273986962, 12.538778157186243], [10.598100644928877, 12.537608819091759], [10.598899249201054, 12.535771278421805], [10.598157688026902, 12.534156457554502], [10.59621822179355, 12.533488254079714], [10.593993540069846, 12.533321202311697], [10.592416963771882, 12.53267216788629], [10.590627994586328, 12.530871104617859], [10.590423113735767, 12.529063772175391], [10.589087830039375, 12.527919819244289], [10.589144873137457, 12.526750430787786], [10.589715305017364, 12.525692409876854], [10.590970254074023, 12.525915151263291], [10.592624503917762, 12.525915151263291], [10.594050583167927, 12.525469667591153], [10.595933006303255, 12.524634383570003], [10.59770134324242, 12.523854782871979], [10.598214732024303, 12.522003222670662], [10.597049713373622, 12.520150184883164], [10.595219967127832, 12.521028711905558], [10.593936496971821, 12.520680671575803], [10.592510417721655, 12.519845372266161], [10.591198425566915, 12.518397513234675], [10.591155874144306, 12.517561504360003], [10.591654771250717, 12.516225711647337], [10.591782856293833, 12.516129872695501], [10.592488910434895, 12.515601576751408], [10.59450692795241, 12.514722145011035], [10.596788652774137, 12.51449939283276], [10.598728119906866, 12.514165265015038], [10.600838716333726, 12.514109578094576], [10.602378879981359, 12.515000583210394], [10.604375390212113, 12.515000583210394], [10.605630339268771, 12.514555080652485], [10.605288079781133, 12.512940127584898], [10.605231036683051, 12.511714984758783], [10.604660605702463, 12.510656901794619], [10.602550010174866, 12.510656901794619], [10.601009844728594, 12.5113808542431], [10.59924150778943, 12.511547918601593], [10.597016826065726, 12.511714984758783], [10.59490622963881, 12.51132516462468], [10.59285267720935, 12.510100014604063], [10.590513908390221, 12.504948748286154], [10.59229650587912, 12.502929981633372], [10.594578231600167, 12.501328878125264], [10.595933006303255, 12.499727765623959], [10.596503438183163, 12.49784818614495], [10.605591947210655, 12.488953508897339], [10.603310222388927, 12.488675041919691], [10.602510815921448, 12.488344835146052], [10.60242997316476, 12.488232481044236], [10.602440041075113, 12.48812811741874], [10.602544187963929, 12.487956462021145], [10.6028392411381, 12.487556713371646], [10.603229472262399, 12.487071303398011], [10.602458526639737, 12.485948196751906], [10.601678064391194, 12.485110626654148], [10.600669171644995, 12.484815574379297], [10.59981256559746, 12.484653771054752], [10.59922246014844, 12.484682323630352], [10.59849910395053, 12.48487268132925], [10.59717441786512, 12.485389253711162], [10.596414695781618, 12.485291466827789], [10.595377251359139, 12.485205806402917], [10.595196412084817, 12.48547230610211], [10.594946714419393, 12.485627047050627], [10.594753752283907, 12.485542267961364], [10.593684193071113, 12.484358766443961], [10.592258113820947, 12.483175257732], [10.590760731822343, 12.482270218695703], [10.58912074162896, 12.481922126205234], [10.587266839593042, 12.481643652032972], [10.58519902571453, 12.481782888669443], [10.583772948263004, 12.481713270351179], [10.582669732821955, 12.48085309129715], [10.582132958069622, 12.48011203644137], [10.58177643803225, 12.478441173421459], [10.581206007051605, 12.476909538944142], [10.579851233247837, 12.47579561707414], [10.578639065840264, 12.47523865523982], [10.57714168384166, 12.474751310824388], [10.575786909138571, 12.474820931840554], [10.57493126176837, 12.475517135707321], [10.57450343898256, 12.476631060275281], [10.573719096159437, 12.477188017612946], [10.572649536946642, 12.477118399294739], [10.571865194123461, 12.476213337775391], [10.571651282280925, 12.474960173873], [10.57150867408609, 12.473150033747118], [10.571009546753203, 12.471200639897688], [10.570082595735244, 12.469947450814232], [10.568656517384397, 12.46959934123663], [10.565733057035004, 12.470504425239085], [10.564387049822528, 12.470707321285886], [10.562592969789762, 12.470977758217032], [10.56198376633779, 12.469792528202674], [10.559582571078863, 12.467615096859276], [10.558753470796091, 12.467572273841427], [10.557714757430176, 12.467142447366086], [10.55707706165714, 12.467751589664203], [10.556637338142707, 12.468583449066955], [10.556500280563569, 12.469055534685253], [10.555845452705512, 12.470433717841843], [10.555289611426474, 12.471659616098464], [10.55474138290856, 12.472459115196045], [10.554966164856694, 12.472662686633726], [10.554823556661859, 12.474890551957458], [10.554324430228348, 12.476700678593488], [10.554324430228348, 12.479276605830762], [10.554571083688586, 12.480819251607215], [10.538997579574698, 12.477849174899575], [10.536792640667898, 12.477013389956028], [10.533560195746475, 12.476085123229893], [10.533940483966205, 12.474785542618747], [10.51958462772842, 12.470422621107105], [10.51568668089567, 12.468194717112567], [10.512547510059562, 12.468405565864202], [10.490817590759264, 12.456968483608705], [10.486716119253572, 12.454887321093054], [10.484712713920658, 12.453870757129778], [10.47478002387902, 12.448830727056475], [10.465812633746111, 12.443574642955468], [10.462317799027232, 12.441845788052717], [10.458871443162593, 12.440685295689889], [10.451978731433371, 12.439292699098814], [10.447343976343461, 12.439292699098814], [10.442590382140452, 12.4399889982937], [10.437836787038123, 12.44091739362284], [10.433270454168166, 12.443349837624964], [10.43206977829766, 12.445639611379022], [10.43204975129504, 12.447939873026769], [10.431134362860632, 12.450964819171134], [10.429619789421793, 12.455969810758234], [10.425952801080939, 12.45786004630412], [10.423932522667826, 12.45786004630412], [10.420842686840558, 12.458904420902343], [10.418109370151342, 12.458788379580085], [10.414544174274283, 12.459252543969797], [10.410978978397168, 12.459484625714936], [10.40777030165816, 12.460412953594982], [10.399808030716088, 12.463546030624855], [10.393866037287864, 12.465170574962087], [10.388874763059903, 12.464822459988568], [10.381150172142782, 12.463731692963336], [10.372135954310863, 12.458536542427566], [10.363172054446807, 12.452084535373046], [10.362146424418029, 12.45091508666195], [10.357761924573197, 12.44591577339429], [10.352200000829441, 12.445216949802443], [10.349772763002647, 12.443367663087258], [10.347732664430964, 12.44490286877243], [10.34425865081613, 12.444664923447533], [10.339213937073566, 12.441315396688253], [10.334148198080925, 12.441872777606648], [10.32571372910536, 12.44280082220024], [10.322878744958189, 12.443510070733225], [10.30788302737983, 12.447261668191459], [10.306285109270448, 12.44766143212945], [10.302706330932494, 12.448556763883573], [10.288054970960218, 12.455457592893652], [10.287040587852914, 12.455078507966846], [10.258073357299622, 12.459621498933075], [10.240465345699192, 12.434042293317248], [10.225000978812147, 12.433852896094322], [10.254056937377811, 12.391029850347365], [10.242897874237542, 12.379921562030518], [10.236159653445327, 12.375464184724422], [10.226556817643086, 12.368633802308182], [10.225823210972464, 12.363988194199862], [10.223182009142477, 12.35999069871184], [10.220540808211751, 12.35630253403474], [10.216305367398832, 12.355303160612436], [10.209619081555445, 12.355683875110799], [10.208429351333564, 12.355184188399619], [10.207682932021726, 12.354248277436113], [10.201174906197025, 12.341918706183378], [10.202021823848156, 12.3373783133585], [10.201699997856679, 12.33610000081444], [10.201152105685196, 12.33539013264857], [10.201000000649572, 12.334899999435493], [10.200399999060778, 12.333999999300602], [10.200100001414, 12.333200000179886], [10.198699999805172, 12.331500000924336], [10.198899999135676, 12.330600000789445], [10.19819999923061, 12.33040000055962], [10.197907742948018, 12.330120521844663], [10.197175353060118, 12.329506516012941], [10.19649999997506, 12.328999999850168], [10.196049500783886, 12.328589295659526], [10.194995491748614, 12.328129204299387], [10.19550887963112, 12.32712610228782], [10.195622965827283, 12.326160148572058], [10.196079310611765, 12.32599296370438], [10.196630728125626, 12.325547138289835], [10.197106088175474, 12.325175614862758], [10.197505389861874, 12.32472978764963], [10.197486374596565, 12.324061044581583], [10.19722017437158, 12.323262266740244], [10.196744815221109, 12.32263067286732], [10.19624860438961, 12.322303975248303], [10.196383541367368, 12.321311751436212], [10.19714411690751, 12.321056325988707], [10.197975996095408, 12.321427853912382], [10.198380050698802, 12.322124467869969], [10.198879178931008, 12.322728198947289], [10.199924969062124, 12.323169384759353], [10.201137135570377, 12.323355148721191], [10.201969014758276, 12.323169384759353], [10.20265828575134, 12.322797860432956], [10.20306234215343, 12.323517691288487], [10.203252485813607, 12.324121417869208], [10.203751613146494, 12.324469720801005], [10.204512187787259, 12.324260739041904], [10.204226972296965, 12.322681757956786], [10.204131901366225, 12.321149207969597], [10.203300021279006, 12.320452592213428], [10.202777125763816, 12.319430884128053], [10.20187394292816, 12.318014418630582], [10.201992782940636, 12.317178469111127], [10.2026820539337, 12.316783712598294], [10.20356146858694, 12.316830155387436], [10.204322044127082, 12.317271351991337], [10.204821172359289, 12.318455613435844], [10.205415370622916, 12.319152236386628], [10.206152177980698, 12.319291559358021], [10.206461161653351, 12.318757482571812], [10.206318554357836, 12.317944756245538], [10.206009569785863, 12.317248130596795], [10.206152177980698, 12.316388957884158], [10.20608087433294, 12.315576222564687], [10.205843195207365, 12.314786707740438], [10.205534210635335, 12.314229400566433], [10.205914497955746, 12.313625650603342], [10.206532466200429, 12.313207669998008], [10.206912752621463, 12.312557473648553], [10.206627538030489, 12.311860835409277], [10.206057106150581, 12.311442850307344], [10.205177690597964, 12.311349964729118], [10.204274507762364, 12.311233857756406], [10.20308611033579, 12.31139640661894], [10.202349302978007, 12.311558957280113], [10.201969014758276, 12.312069827060895], [10.201612494720905, 12.312696802015864], [10.201303511947572, 12.313068343429336], [10.200804383715365, 12.31334699566736], [10.200233952734777, 12.31348632403467], [10.199378306263895, 12.31348632403467], [10.19842758706352, 12.312905792768163], [10.197809619718214, 12.311953720088184], [10.19700150871273, 12.311280299646171], [10.19624093407191, 12.311024865205411], [10.1798493598601, 12.287963031069069], [10.175018866427592, 12.273441366825693], [10.15216285832929, 12.244149891104655], [10.147536091017855, 12.238220385662316], [10.149052812937043, 12.224505743345446], [10.151511500055733, 12.20227206070706], [10.162219073851247, 12.18323637266053], [10.170390128701513, 12.164979934576365], [10.169926522790831, 12.16376357902601], [10.169260025329947, 12.161520005244085], [10.16921557363986, 12.161384642887015], [10.168142107772098, 12.158115737651201], [10.168120383748771, 12.158049582622198], [10.166999816788177, 12.153429984706065], [10.165849686413935, 12.151109695156379], [10.163999334002085, 12.13895243041037], [10.162489891195548, 12.137249947227303], [10.157304081018594, 12.12937948897229], [10.156847736234113, 12.119731160065044], [10.155364613885865, 12.112815378926655], [10.153835333833626, 12.108082773101557], [10.152797672674524, 12.102385597617285], [10.152740629576442, 12.097477323619614], [10.152493027331388, 12.089872270588842], [10.161781967363936, 12.067570234978405], [10.162590078369476, 12.065710809306438], [10.164253835845898, 12.062642728079481], [10.166345417906768, 12.06092272790164], [10.167478040279377, 12.059211204733344], [10.168309918567957, 12.057932812149602], [10.16819108035412, 12.057003067837343], [10.167299781160011, 12.055027349032969], [10.16569544189116, 12.053981373641534], [10.165754861897426, 12.052412404708775], [10.166289641953483, 12.05026232084947], [10.167775140310539, 12.05101775766343], [10.168904118630223, 12.051540752104074], [10.169561594991649, 12.050930990173129], [10.17074613702465, 12.048460887060344], [10.173122933676495, 12.04741488738722], [10.174905532064713, 12.046194547840173], [10.175321471208974, 12.04538098694303], [10.175321471208974, 12.043637631371666], [10.176272191308612, 12.042707836697332], [10.175915671271241, 12.041196913606711], [10.174489592021132, 12.039453532854282], [10.171875115344335, 12.039337307171024], [10.171340336187598, 12.040208999345907], [10.17038961698728, 12.040267111737876], [10.167240361153802, 12.040673901179673], [10.166705581097744, 12.041894264109033], [10.164566463571475, 12.042417275636808], [10.162427346045206, 12.041661813641838], [10.161942161801392, 12.040497516247399], [10.162109013919917, 12.039738795109372], [10.163578305594399, 12.03875801067369], [10.164747258779016, 12.037890799820616], [10.164925517898382, 12.03687962639367], [10.16410552325135, 12.036705285620485], [10.162287273039283, 12.036740154134861], [10.161739945642012, 12.036187106150066], [10.159099830193043, 12.031027022878845], [10.156782452648144, 12.030213415216963], [10.156307092598297, 12.029457919047786], [10.157970850974039, 12.029051114317497], [10.157670542161839, 12.027465006105217], [10.157198391792406, 12.025970991168379], [10.155411063869565, 12.024956127823089], [10.154999855159247, 12.023297649367066], [10.152979576746134, 12.023530113324114], [10.150483940081813, 12.024285624781783], [10.147810043398806, 12.024983019350884], [10.145314405835222, 12.025157367318684], [10.145492665853908, 12.026900843399233], [10.144660786666009, 12.027540114784529], [10.14376948837122, 12.026958957589898], [10.142759349164692, 12.024576207426094], [10.140620230739103, 12.02393692794692], [10.139134733281367, 12.023297649367066], [10.137173874874463, 12.025506063254284], [10.135866637435413, 12.025389831275731], [10.13515359736067, 12.026145339136121], [10.135460838147196, 12.0272372608909], [10.134381138179037, 12.028295614551041], [10.131957926617076, 12.028248419928673], [10.130326955724456, 12.027181469649179], [10.13004348312029, 12.025912875179074], [10.129449283957342, 12.024401857659655], [10.131053622326874, 12.02323953157918], [10.132123180640349, 12.021379799238389], [10.131350722357979, 12.019868755638583], [10.130340583151451, 12.018590175096563], [10.12915218392618, 12.019055114701814], [10.127310166431073, 12.018880763136735], [10.12534930892349, 12.018357704844277], [10.124933368879908, 12.017137234895529], [10.127191327317973, 12.016149230702467], [10.12653770724944, 12.014928750861202], [10.124636269748123, 12.014405687172768], [10.12267541224054, 12.0145219227486], [10.121011653864798, 12.01521934159939], [10.119942094652004, 12.014231331111091], [10.118159497163106, 12.0133014348134], [10.115604439593255, 12.013185198338306], [10.113346482054567, 12.013475790875077], [10.112692862885353, 12.014812514386051], [10.11192040370372, 12.014870633073315], [10.111088525415141, 12.013882620786376], [10.109840706183718, 12.013882620786376], [10.108652307857767, 12.015509933236899], [10.107107390393821, 12.014870633073315], [10.10550305112497, 12.015509933236899], [10.104730591943337, 12.017137234895529], [10.102532055310178, 12.017021000219017], [10.100392936884589, 12.01638170275345], [10.098788599414377, 12.01684664595598], [10.098055017924764, 12.01850235180217], [10.096590061881898, 12.018706410672337], [10.095829963881783, 12.017849922436028], [10.09587001788708, 12.014399530414039], [10.097060204065201, 12.012109755760662], [10.094926304405476, 12.008593788772373], [10.093203126023468, 12.007373272958205], [10.092311826829416, 12.007024555438932], [10.092014726798254, 12.005978392988482], [10.092014726798254, 12.002723643981028], [10.09350022515531, 12.000689405391768], [10.094807464393, 12.000631284006602], [10.095401662656627, 11.99970134184349], [10.094153844324524, 11.998829516569003], [10.094213264330733, 11.997550836202151], [10.093888740373131, 11.995708808814527], [10.092727765973677, 11.994179739203673], [10.091479947641517, 11.995400312574418], [10.090410389328042, 11.995342192088515], [10.089697350152619, 11.99394724826692], [10.089103150090352, 11.992203559946404], [10.087974171770668, 11.992029190394874], [10.086607513426031, 11.991738573576356], [10.08625099338866, 11.992319807213391], [10.085775634238189, 11.994354106956507], [10.08488433504408, 11.995574681226628], [10.084841172082463, 11.996102434879504], [10.084772837996127, 11.996937952724409], [10.083042316649653, 11.997608957587374], [10.082149394179226, 11.997533910061975], [10.081319139166965, 11.996562760063398], [10.080352535241332, 11.995497307155063], [10.07971480079749, 11.995284069804029], [10.079340019126619, 11.995567054076332], [10.079525409869802, 11.996166876700045], [10.08019015994796, 11.997318347963414], [10.079833640809909, 11.998480785559877], [10.0789423416158, 11.998422664174655], [10.077694523283697, 11.996272148640799], [10.078348143352173, 11.994877211114442], [10.077753943289906, 11.993540387778694], [10.077278584139378, 11.992145435863222], [10.075911924895479, 11.992145435863222], [10.075436565744951, 11.993249773658192], [10.074782946575795, 11.993772881413406], [10.073951068287215, 11.99301728182212], [10.072643829049525, 11.992726666802298], [10.071514849830521, 11.991971067211011], [10.070564130630146, 11.99168045129187], [10.069494573216048, 11.991912944027206], [10.069752526657851, 11.990182836368831], [10.070148192385204, 11.988599900065367], [10.068187333978301, 11.987786164699799], [10.068246753984567, 11.989006767748208], [10.067119802736784, 11.9899008125725], [10.065632277307827, 11.989820500415817], [10.064562718095033, 11.989297388164005], [10.065275758169776, 11.988367404632072], [10.063631534867511, 11.986282099839059], [10.065335177276665, 11.985170566568456], [10.066998935652407, 11.984996194318967], [10.06640473559014, 11.983601198336657], [10.06521633816351, 11.984008072314737], [10.064206198956981, 11.983426823389209], [10.063374319769082, 11.983601198336657], [10.063433739775292, 11.984589320340888], [10.062898959719291, 11.985344940616585], [10.06171056229266, 11.985577439647159], [10.061294622249079, 11.98633305902348], [10.060522163067446, 11.98633305902348], [10.059868543898233, 11.985577439647159], [10.0590960847166, 11.985868061861595], [10.057670006365754, 11.985344940616585], [10.057373019649162, 11.984414595557212], [10.056065667996222, 11.984008072314737], [10.05570914795885, 11.983252446643121], [10.056184508008698, 11.982322444225474], [10.054164229595585, 11.981741190803348], [10.053748291350587, 11.980927433854049], [10.054342489614271, 11.98005554922429], [10.054104809589319, 11.978951158369284], [10.05404538958311, 11.978079265645647], [10.052916412162745, 11.97790488710092], [10.052197011183182, 11.978674820086951], [10.05101497376205, 11.979009284251106], [10.048697597116472, 11.97860240127983], [10.048519337097787, 11.977439877348502], [10.047628037903678, 11.977498004129643], [10.047449777884992, 11.979648668051652], [10.048103397054206, 11.981159935582582], [10.046142538647302, 11.981276187346225], [10.04578602040857, 11.980113675106054], [10.045072981233147, 11.980229925970377], [10.0445976211833, 11.981101809700817], [10.043884582007877, 11.980869307972227], [10.042636762776453, 11.97953241628801], [10.041032425306241, 11.977149245241549], [10.041270105331137, 11.976335474802397], [10.040557066155714, 11.976044842695387], [10.03786252913244, 11.976182007293858], [10.037211168160923, 11.974598910011764], [10.03122813686906, 11.978718653043472], [10.028970179330372, 11.978718653043472], [10.024989044308995, 11.980171800088556], [10.023681805071305, 11.98046243039687], [10.022849925883406, 11.981334313228047], [10.021542688444356, 11.983252446643121], [10.020079612883876, 11.983550072777689], [10.0166648214244, 11.982664987898943], [10.015425886595438, 11.980863584686745], [10.013889902996652, 11.979976891820172], [10.012213758258383, 11.979009284251106], [10.010490579876432, 11.978428022735102], [10.003973401651194, 11.97663036969584], [9.99658060391181, 11.975133765610849], [9.992724021396498, 11.972731603580712], [9.988963303014089, 11.972208323155655], [9.986262968960887, 11.971105051956613], [9.983961797199242, 11.970164876407978], [9.983551959955037, 11.969152873806138], [9.981612492822308, 11.968594842677874], [9.980243457569543, 11.967311369823904], [9.97830399223551, 11.96485601019674], [9.977676517257521, 11.964074754746207], [9.976307482004756, 11.962735453778237], [9.974653231261641, 11.963014475637578], [9.974139843379135, 11.964074754746207], [9.973341239106958, 11.96413055857846], [9.97277080812637, 11.963349301329231], [9.971230642680041, 11.962568041382042], [9.97043203930724, 11.96173097490464], [9.969804565228571, 11.959889420560387], [9.969633435035064, 11.957545603846597], [9.9691200471525, 11.955648215093106], [9.96780805499776, 11.954364679286584], [9.964952929634023, 11.954118605888993], [9.962656660976165, 11.953920695683621], [9.960538858281723, 11.95514177717132], [9.959469299068928, 11.956071873118503], [9.959528719075195, 11.957641403228251], [9.960538858281723, 11.95857149198082], [9.960479438275513, 11.95955970571589], [9.95970697909388, 11.96037352741638], [9.95632004323545, 11.95944344495905], [9.954359184828547, 11.95857149198082], [9.952695427352126, 11.957990187297355], [9.951507028126912, 11.957757663985035], [9.951685288145597, 11.955955610563024], [9.950318629800961, 11.95519990844906], [9.948892550550795, 11.95537430138296], [9.946694013917636, 11.954734859126518], [9.945030256441214, 11.954676726949458], [9.94508967644748, 11.953397837939917], [9.942940922685466, 11.95374819672196], [9.94140563965857, 11.953630363050877], [9.940752021388732, 11.951421360107759], [9.939682462175938, 11.950840040135802], [9.938552823753867, 11.95188221679092], [9.936354946323775, 11.95200267828102], [9.934512927929347, 11.95200267828102], [9.934334667910662, 11.950374982719325], [9.933681048741448, 11.94956113313981], [9.932676864845462, 11.949925629264442], [9.93267091043424, 11.951363227930699], [9.93148251120897, 11.95182828264916], [9.930650632021127, 11.951479492284818], [9.930353532889285, 11.950084321834026], [9.927973457309236, 11.950159851396052], [9.92666949699975, 11.949677396594609], [9.926312976962379, 11.94793342228968], [9.923579660273163, 11.946654500904515], [9.923639080279372, 11.944910506814495], [9.923401401153797, 11.943805972067992], [9.921262282728208, 11.943747838991612], [9.918885486076363, 11.94392223822075], [9.91728114770683, 11.944271039377043], [9.916568107632088, 11.943573437064515], [9.915201450186828, 11.944154772324907], [9.913478271804877, 11.943573437064515], [9.911814514328398, 11.943631571939534], [9.909734815909076, 11.942992100005483], [9.90872467670249, 11.94316650193258], [9.907892798413968, 11.942294495894316], [9.90586714475296, 11.942083315292791], [9.905582656814204, 11.942053655651762], [9.90550716592304, 11.941879572983964], [9.904981221706066, 11.940666740977349], [9.90349572334901, 11.939852860820906], [9.902318162753033, 11.940074657019863], [9.902169020084273, 11.940102749142625], [9.902159561014969, 11.939984891189852], [9.902069644998164, 11.938864574240768], [9.900524726634899, 11.938108822664105], [9.898742129146001, 11.938050688688406], [9.897256630788945, 11.937294935313048], [9.89624649158236, 11.937120529788672], [9.89487983323778, 11.936539180139107], [9.893394334880725, 11.936132234215279], [9.89155231738556, 11.935434610319078], [9.89094416703972, 11.935695473966973], [9.888763882147487, 11.93663069964714], [9.88271711590221, 11.93321066064351], [9.880194783762306, 11.930584623181858], [9.873014235918276, 11.923108843198577], [9.870489551151934, 11.921075360039879], [9.869854152247399, 11.920563583742421], [9.86004704083831, 11.912664545932103], [9.855895452812945, 11.909180298032368], [9.847490349400175, 11.90212626681381], [9.841764061062634, 11.89732044718096], [9.834326888974772, 11.891078758278127], [9.833508327847085, 11.890391750878678], [9.82810260285288, 11.889252496005952], [9.820551915638418, 11.887661177121686], [9.81619101130616, 11.886742109560771], [9.814158301564419, 11.885641324987205], [9.812222712308369, 11.884593133666215], [9.80866193839779, 11.882015775607613], [9.806248987201059, 11.881538556659109], [9.805582862958829, 11.881646246876869], [9.804798520135648, 11.882448672368412], [9.803999915863471, 11.882406807128518], [9.8033153977874, 11.88226725482997], [9.802602358612035, 11.881967217613067], [9.801939232709458, 11.88139505184023], [9.801162019711512, 11.88080893128722], [9.800857285335496, 11.880543340802603], [9.80070567492703, 11.880411206112342], [9.800199416869646, 11.880139075757768], [9.799785853734193, 11.880104188357677], [9.799653522092399, 11.880136562152643], [9.799129857656851, 11.880264674175407], [9.798637861048519, 11.88032049509485], [9.797931951698274, 11.880173964057235], [9.797033522678987, 11.88002045607925], [9.79656291734483, 11.879832058902423], [9.796021006564274, 11.879671572185373], [9.795514750305529, 11.87961575126593], [9.79452362456567, 11.879545973767733], [9.793874760112146, 11.879336643970987], [9.792962068744544, 11.879085448035028], [9.792270420843295, 11.878869138599896], [9.791580499640418, 11.878644639038896], [9.790929907589202, 11.878513275966952], [9.790259650962184, 11.878457454148247], [9.789903130924813, 11.878289988692075], [9.789610784710021, 11.877920171278959], [9.789503829238356, 11.877571284687065], [9.789603654884786, 11.876964221621563], [9.789575132886114, 11.876594400611168], [9.78954862087221, 11.876529538807233], [9.789461046690008, 11.876315290618209], [9.788943728770107, 11.87634029087178], [9.788883484984865, 11.87634320197725], [9.788370097102359, 11.8764827569737], [9.788013577064987, 11.87658044493162], [9.787798686760027, 11.87643470619679], [9.787614870729726, 11.87630358234452], [9.787364711712144, 11.876273423579676], [9.787210362867995, 11.876084162154427], [9.787225401331227, 11.875802684246537], [9.787243494791483, 11.875464003161255], [9.787300537889564, 11.874905779578114], [9.787257756240479, 11.874626668685835], [9.787058104947619, 11.87449408973049], [9.786772888558005, 11.874522001089531], [9.786509065241205, 11.874696447083409], [9.786173935578688, 11.87464760220513], [9.785952893910974, 11.874522001089531], [9.785874460438038, 11.87430568805712], [9.785717590794206, 11.874082398084226], [9.78550367985099, 11.874033554105267], [9.78533968038198, 11.874166132161292], [9.785254116184547, 11.874403377813678], [9.785025942893014, 11.874556891187638], [9.784712206303311, 11.874612713006343], [9.784640901756234, 11.87477320062277], [9.784512555010451, 11.87484995686009], [9.784334294991766, 11.87484995686009], [9.783885080931782, 11.874654580044876], [9.78333008681409, 11.874583974271047], [9.783172040857039, 11.874563868128064], [9.783130415736139, 11.874521503764413], [9.782993781737673, 11.87438244429444], [9.782801261169311, 11.874131242962562], [9.782637261700302, 11.874110310342587], [9.782565958052544, 11.874263821917907], [9.782592011412248, 11.874353055349275], [9.782651523149298, 11.874556891187638], [9.782501785129341, 11.874619690846089], [9.782302133836481, 11.874619690846089], [9.782166656366144, 11.874347555095653], [9.782195305169239, 11.874228939014358], [9.782259351288076, 11.87396377480843], [9.78214526509197, 11.873663728598217], [9.78218091691582, 11.873454394304929], [9.782043344025169, 11.873185098613476], [9.78175309323069, 11.872979901201518], [9.781532050663657, 11.872979901201518], [9.781382312643643, 11.873154348094715], [9.78119692279978, 11.873140392415223], [9.781125619152078, 11.872993857780386], [9.781125619152078, 11.872756610329361], [9.7808537648894, 11.872662754382645], [9.780712056016625, 11.872393760863417], [9.780526666172761, 11.872212337029794], [9.780277101606998, 11.872240249288097], [9.780248581406966, 11.87240771744223], [9.780384057977926, 11.872596119115656], [9.780327014879902, 11.872770566008853], [9.780034668665053, 11.872791498628828], [9.779717233163808, 11.872811025608371], [9.779549801881899, 11.87270078671196], [9.779364412038035, 11.872644963993935], [9.7789274008789, 11.872513897698298], [9.778765459058718, 11.872303048946605], [9.77859432976453, 11.872372828243499], [9.778430331194897, 11.872337939044712], [9.778209288627806, 11.87229607110686], [9.778038159333619, 11.872442605741696], [9.777814913427562, 11.872551653036396], [9.777603204923992, 11.872449583581442], [9.777382163256277, 11.872226292709286], [9.77721103396209, 11.8721425577329], [9.77694720884665, 11.872100690694367], [9.775998193861597, 11.871885323748756], [9.77561839217509, 11.871704739881864], [9.775342871376438, 11.871472682418414], [9.775077183765063, 11.8714082711748], [9.774883318710238, 11.87126039385214], [9.774722527123004, 11.871137744311511], [9.774615570752019, 11.871005163557527], [9.77447296255724, 11.870823737925207], [9.774216269065619, 11.870781870886674], [9.773938184299823, 11.870684180230796], [9.773724820144366, 11.870670246134978], [9.773538881714046, 11.870684180230796], [9.773382012969591, 11.870740003848141], [9.773303578597336, 11.870830715764953], [9.773059660874708, 11.870848605079118], [9.772854363638032, 11.870698135910288], [9.772676105417986, 11.870565556055624], [9.772490713775483, 11.870412041782345], [9.77234097575547, 11.870453908820878], [9.772177766790549, 11.870612650853218], [9.772035094743899, 11.870579534218166], [9.771991587341915, 11.870412041782345], [9.772005847891592, 11.870105015034483], [9.771884630970987, 11.869972433381122], [9.7717135016768, 11.869916609763777], [9.771570894381341, 11.869853809206006], [9.771264286717496, 11.869735184131514], [9.7709862019517, 11.869609581217276], [9.770807941933015, 11.869686338353858], [9.770643943363325, 11.869735184131514], [9.770230380227929, 11.869532824080636], [9.769909512913728, 11.869414199006144], [9.76957438415053, 11.869162993177667], [9.769253516836386, 11.869086236041028], [9.768904126624193, 11.869183926696905], [9.768626041858397, 11.86917694885716], [9.768276653444843, 11.86902343368456], [9.76802708887908, 11.869079258201282], [9.767793564621343, 11.869013744388837], [9.767442397348816, 11.868793163174018], [9.76696466129016, 11.868709427298256], [9.766429881234103, 11.868541954647526], [9.766087622645728, 11.868444263991648], [9.765937883726394, 11.868521022027608], [9.76575249388253, 11.868576845644952], [9.765574233863845, 11.868548933386592], [9.765424495843831, 11.868346573335714], [9.764903978136147, 11.868123277966959], [9.764312154982008, 11.86794184963668], [9.763898591846612, 11.867781356624334], [9.763463638336304, 11.867669709389645], [9.763199814120185, 11.867760423105096], [9.762950249554422, 11.867788335363457], [9.762729207886707, 11.867669709389645], [9.762650774413771, 11.867348721566316], [9.76249390476994, 11.866957954446093], [9.762244341103496, 11.866818394053666], [9.761688170672585, 11.866797459635109], [9.761217565338427, 11.866483449651525], [9.760861045301056, 11.866343890158475], [9.760511655988182, 11.86637180241678], [9.760247831772062, 11.866225263285344], [9.76011948502628, 11.866043834955065], [9.759563313695992, 11.86563911035671], [9.759085577637336, 11.865429767969488], [9.75850801593225, 11.865157625024437], [9.757973236775513, 11.864913393438428], [9.75763218867462, 11.86468740639873], [9.757352893421341, 11.864585424178017], [9.756974982109796, 11.864592402017763], [9.75666837534527, 11.864676138792845], [9.756376029130479, 11.864697073211403], [9.755990987993755, 11.864543556240164], [9.755805598149891, 11.86432025907277], [9.755586465742851, 11.86396344675569], [9.75534925156677, 11.86374805642771], [9.75503595744351, 11.863594057419846], [9.754743168762275, 11.863336348593634], [9.754472213821657, 11.862973488335854], [9.75400160758818, 11.862659472956352], [9.75360943662622, 11.862457108408876], [9.753352743134656, 11.86258969186082], [9.753324221135927, 11.862792058206992], [9.753495351329434, 11.8629804661756], [9.753424046782357, 11.863189808562879], [9.753217264764999, 11.863371238691741], [9.75274665943084, 11.863636405595685], [9.752504225589576, 11.863741077688644], [9.752254661923132, 11.863727121109775], [9.752012228981243, 11.86391552997776], [9.751784056588974, 11.864055091269506], [9.75135346928721, 11.864010768182482], [9.751024391162787, 11.863864887354737], [9.750265283316196, 11.863803880045054], [9.750008588925311, 11.863908552138014], [9.749873112354294, 11.863978332334227], [9.749716242710463, 11.863922507817506], [9.749630677613709, 11.86372014327003], [9.74965206888794, 11.863371238691741], [9.749537982691777, 11.86308513736924], [9.74926702775116, 11.863029311953255], [9.749045986083445, 11.86320376514169], [9.748689466046073, 11.863315414175077], [9.748361468007374, 11.863245633079543], [9.748097643791255, 11.863071180790428], [9.747919383772569, 11.862785080367189], [9.747897993397714, 11.862443150930744], [9.748026340143554, 11.862108202031948], [9.747791037026786, 11.861375499179985], [9.747598517357744, 11.861124285257631], [9.7472919096939, 11.861089394260205], [9.7468926080075, 11.861124285257631], [9.746479044872046, 11.861249891769148], [9.746236611930158, 11.86117313193455], [9.745815918969527, 11.860914940172393], [9.745338182011551, 11.860628836151932], [9.74485331612766, 11.860300862394922], [9.744525318089018, 11.86034970907184], [9.744218711324493, 11.860503228741038], [9.7439263651097, 11.860573009836571], [9.743334541955619, 11.860419491066693], [9.742564459682114, 11.86025899265843], [9.741865681955687, 11.860105472989233], [9.741352293173861, 11.860021735314888], [9.740696297096463, 11.860014756575822], [9.739833519901083, 11.85986821564569], [9.739113350001162, 11.859498371252869], [9.738314745728985, 11.859142483438916], [9.73730936123809, 11.85894011529416], [9.735975977809176, 11.858702856151922], [9.735505371575698, 11.85855631432247], [9.735163112987323, 11.858451642229568], [9.734835114948623, 11.858346968337969], [9.734457203637078, 11.85821438128869], [9.734100685398346, 11.858053881981107], [9.733965207028746, 11.857795686621671], [9.733615817715872, 11.857663101371088], [9.733337732950076, 11.857865470415163], [9.73309530000813, 11.857984099986254], [9.732689714758578, 11.857880105982133], [9.732360868659214, 11.85792827367095], [9.731966645444402, 11.857993681363325], [9.73164783038311, 11.85792827367095], [9.731284179621241, 11.857691013629449], [9.731048877403794, 11.857425841329587], [9.730900127738778, 11.857266531825019], [9.730670966092248, 11.85702110324138], [9.73036435932778, 11.856839668615862], [9.729904055727616, 11.85692502327123], [9.729686971976207, 11.856965276926019], [9.729180713918879, 11.85688851709142], [9.728596022388558, 11.85674197166469], [9.728296546348588, 11.85645586314763], [9.728085184983343, 11.85630140908279], [9.727919348199407, 11.856180221839793], [9.72724124768547, 11.856044145421038], [9.726265096557029, 11.855956916578464], [9.725594839929954, 11.856082525787997], [9.725167017144202, 11.85590109026316], [9.724853279655179, 11.855482393797502], [9.724778211445368, 11.855416423129498], [9.724154501029432, 11.854868303429498], [9.723427201304332, 11.854561256896545], [9.722614337381799, 11.854505429681865], [9.722046581884285, 11.854510619669384], [9.719833484327864, 11.853863425256918], [9.718820968213151, 11.853514507188777], [9.718150710686814, 11.853500550609965], [9.717309324765552, 11.853319114185808], [9.716696111236615, 11.852998110174667], [9.716139940805647, 11.852663147786075], [9.715455422729633, 11.852356100353802], [9.714713861555538, 11.852076965179833], [9.713744128888493, 11.851644304940748], [9.713088132811151, 11.851490779875633], [9.712474919282158, 11.85142099698146], [9.711975791949271, 11.851518693932633], [9.711405360968683, 11.851407040402648], [9.71076411826948, 11.851091242566838], [9.710207455010107, 11.850876681413752], [9.709437372736602, 11.850471933433028], [9.708710073011503, 11.850262580253911], [9.707925729289002, 11.84987178795268], [9.707341036859418, 11.850178838982288], [9.707055822268444, 11.850709198870504], [9.707098603917473, 11.851225601280532], [9.706856170975584, 11.851532651410764], [9.706747127278163, 11.851585878685398], [9.70652752902231, 11.85169307337668], [9.706071828152403, 11.851811785685413], [9.705663458601805, 11.851615785640035], [9.70557591499653, 11.85137934937751], [9.70535878807766, 11.850792940142128], [9.70463653894518, 11.85055829083251], [9.703864079763491, 11.851139825742393], [9.703859179357664, 11.851166546399043], [9.7036561097417, 11.852273813285876], [9.703338113063523, 11.85315884870198], [9.702916331923234, 11.854179775276464], [9.702111192277755, 11.854483622920895], [9.701754672240384, 11.854977919995065], [9.701903222255964, 11.85582113064072], [9.702047311634146, 11.856257669655804], [9.702345900942646, 11.857320003715245], [9.70313024376577, 11.858715649907367], [9.702252657434258, 11.85888742131749], [9.700991126239558, 11.859134341876427], [9.700420695258913, 11.860181070000408], [9.69920852785134, 11.86025085199526], [9.698067665890107, 11.85920412387128], [9.696712891187019, 11.86004150601076], [9.695286812836173, 11.858924995891869], [9.693932038133084, 11.859483251850634], [9.69378477504739, 11.860627500658666], [9.693432910800254, 11.861437138713029], [9.691792920606872, 11.861716263095104], [9.691650313311357, 11.863111886804177], [9.690580754098562, 11.864019038347976], [9.68894076390518, 11.863600352674212], [9.687798285862243, 11.864222704214455], [9.688156421081999, 11.865693771150688], [9.687300773711797, 11.867159154371507], [9.686159910851245, 11.867926731133764], [9.682552490005435, 11.866753680637885], [9.67915210028923, 11.864904943408476], [9.673768271088875, 11.85930728600249], [9.673683167344336, 11.852700233129326], [9.673456826871131, 11.847074590619911], [9.675092423876322, 11.845733436149203], [9.675824584437066, 11.845133081126846], [9.677794224723755, 11.843246268400605], [9.677609211695824, 11.841587058795767], [9.677395577743766, 11.839671173685758], [9.676436525425345, 11.831070311245924], [9.675840374733582, 11.821201274319378], [9.67579771629164, 11.820495068192884], [9.676082930882615, 11.813097031003224], [9.675453350591681, 11.808695107693097], [9.673368404628206, 11.79411748583334], [9.673088166885464, 11.792158108609897], [9.669522971008348, 11.784340499914208], [9.66559049740357, 11.783957770934421], [9.664722297296237, 11.783032319086317], [9.663682448086547, 11.782857816435126], [9.662942372592454, 11.783413901430436], [9.66225785541576, 11.783469741235592], [9.66183003173063, 11.783204496090661], [9.66167316298612, 11.782352918152696], [9.661402208045502, 11.781222130397055], [9.661159775103613, 11.780873120598073], [9.660717689969488, 11.780719555962776], [9.659790738951472, 11.780887080774221], [9.659091961225101, 11.781040645409519], [9.658721180637997, 11.781208170220907], [9.658336140400593, 11.781068565761757], [9.65810796710906, 11.780747477214334], [9.658065184560655, 11.780189061176259], [9.657779969070361, 11.780007575289403], [9.657209538089774, 11.780007575289403], [9.656510758564707, 11.780077377069347], [9.65619702197506, 11.779951733685607], [9.655954589033115, 11.779714406194955], [9.65594032758412, 11.77905826442742], [9.655740677190522, 11.778471922641188], [9.655541025897662, 11.77809498889269], [9.655056159114508, 11.778067067641132], [9.652888272276016, 11.778344423056751], [9.652446436254081, 11.778164791571896], [9.652118438215382, 11.77823459515048], [9.651747656729015, 11.77845796336436], [9.651590788883823, 11.778779054609743], [9.651490963237393, 11.779030344075181], [9.651148704649074, 11.778960542295238], [9.650991835904563, 11.778695291754332], [9.650849228609047, 11.778276475678865], [9.650449926023327, 11.778262516402037], [9.650047017156169, 11.778323402303215], [9.649449102893811, 11.778413756289865], [9.649009587122805, 11.778248555326627], [9.648481937791246, 11.777829739251104], [9.64803985355644, 11.777508648005778], [9.647583508771959, 11.77749468693031], [9.647212728184911, 11.777704094068724], [9.64685620904686, 11.7781089499681], [9.646784905399102, 11.778667371402094], [9.646770643950106, 11.778988462647476], [9.646442645911407, 11.779225790138128], [9.645672563637959, 11.7795329203081], [9.645401608697341, 11.779700446018808], [9.644959523563216, 11.779742327446513], [9.644674308972242, 11.7795329203081], [9.64431778893487, 11.779337474245096], [9.643604749759447, 11.779267670666513], [9.642791884937594, 11.77905826442742], [9.64197902101506, 11.778834897112858], [9.641351546037072, 11.778737173182037], [9.640738331608759, 11.778206673898922], [9.64069554995973, 11.777871620678809], [9.641009287448696, 11.777564488710254], [9.641636762426685, 11.777508648005778], [9.642235715406002, 11.777257355842323], [9.642749103288509, 11.776782696364421], [9.643162666423962, 11.776531405999663], [9.643419359915583, 11.776042785446236], [9.643362316817502, 11.775498318792415], [9.643077101327208, 11.775009694641767], [9.642577973994378, 11.774744442302222], [9.641936237567336, 11.774632756396613], [9.641308764388043, 11.774800284805337], [9.640752593057755, 11.774716520151344], [9.640324770272002, 11.774493150138824], [9.639925467686226, 11.774213934925228], [9.63971155584369, 11.773906797560699], [9.639740077842362, 11.77346005393838], [9.63996825023463, 11.772999350139969], [9.640139380428138, 11.772734094203145], [9.640057380243945, 11.772523285021634], [9.639829207851733, 11.772411599116083], [9.6393514708937, 11.772348775175885], [9.638838083011194, 11.772230107833252], [9.638467303323466, 11.772048616550478], [9.637946783817085, 11.771720536673456], [9.636991311699717, 11.770799120083382], [9.636698966384245, 11.770450096794605], [9.636321055072699, 11.770128996555968], [9.636000186859178, 11.769982407062457], [9.635679318645714, 11.769919581323677], [9.63536558205601, 11.770024290288802], [9.635097652434752, 11.770182760725902], [9.63484506434827, 11.770296526763332], [9.634616891056737, 11.770282565687921], [9.634452891587728, 11.770177860320075], [9.634374458114792, 11.769877698996652], [9.634624020881915, 11.769005138076693], [9.634987670744465, 11.768335010052738], [9.635201582587001, 11.767853353849262], [9.635123149114065, 11.767343774595588], [9.634730977252843, 11.766715526200642], [9.634160546272255, 11.76612217779632], [9.633347680551083, 11.765333373436476], [9.632221079139526, 11.764202516433045], [9.632021427846666, 11.7639651736539], [9.631650648158939, 11.763881406301891], [9.63092334843384, 11.764118749081035], [9.630652392593902, 11.76406290298064], [9.630381437653284, 11.763825561100816], [9.630352916553932, 11.763295033039412], [9.63029587435517, 11.762638852601015], [9.63009622306231, 11.761912863188115], [9.629639878277828, 11.761480060856172], [9.62911222894627, 11.761256680051815], [9.628869795105004, 11.760935566323383], [9.628812752006922, 11.760628416368377], [9.628855533656008, 11.759972227836101], [9.628955360201758, 11.759497537781215], [9.628755708908898, 11.759274155178161], [9.627910282333687, 11.759407486866053], [9.627187736424958, 11.759742562569272], [9.626650809687192, 11.760020256129962], [9.626294060322664, 11.76071055504815], [9.626046872665086, 11.76136208779019], [9.625780672440158, 11.761380701957876], [9.625495456050487, 11.760822246349619], [9.625400384220427, 11.75989148490413], [9.625571514413934, 11.759295794665263], [9.626027859198416, 11.758960718962044], [9.626198987593227, 11.758532566125098], [9.626668558707081, 11.758307803062735], [9.627206749891627, 11.75836502872312], [9.627815209604307, 11.758607028191818], [9.62811944035991, 11.758402259756508], [9.627891267967698, 11.757620411652738], [9.627396893551861, 11.756559331248184], [9.626920639575928, 11.755778001153885], [9.626555507630599, 11.755773988378905], [9.62634644763051, 11.756008028847475], [9.626141367130458, 11.756586275836014], [9.62608490229644, 11.756745486415127], [9.6261490752197, 11.757047986875136], [9.626120554120348, 11.757280680159283], [9.62596843919215, 11.757410988326512], [9.625740265900617, 11.757364450209252], [9.625474064776313, 11.757131756025785], [9.625150820553984, 11.756945602657481], [9.62486560506369, 11.756675677440626], [9.6247420112349, 11.756424368190096], [9.624751518867527, 11.756042749873075], [9.624751518867527, 11.75568905460625], [9.624684968136819, 11.755363283288943], [9.624504332109268, 11.755018894206671], [9.624200102252985, 11.754637274090953], [9.623582134008302, 11.754255653075973], [9.623211354320574, 11.754022957093866], [9.623068746125796, 11.753808877977406], [9.623106774857831, 11.753417947180594], [9.623239876319303, 11.753138712181851], [9.62315431122255, 11.752982610559059], [9.62304973175975, 11.752917455576153], [9.622807297918541, 11.75288487763504], [9.622469793146479, 11.752940726433451], [9.622179823839872, 11.753066382407667], [9.62184707198486, 11.75335957938114], [9.621666435957309, 11.75389478211855], [9.621462030848079, 11.754239170301503], [9.62113878662575, 11.754369480267371], [9.620891599867491, 11.754453250317283], [9.620596876744514, 11.75426709425102], [9.620340183252893, 11.75394132113513], [9.620054966863279, 11.75368070030413], [9.620045460129916, 11.753280463322767], [9.619969402665845, 11.752787145610341], [9.619950388299856, 11.752312443864241], [9.61973172264095, 11.751688814387308], [9.619655665176879, 11.750860409280506], [9.61912801584532, 11.749311794703601], [9.619261117306792, 11.748325145788897], [9.619359111933534, 11.747909394602914], [9.619489288799684, 11.74735711014256], [9.61960337589511, 11.746910323352779], [9.619318160404816, 11.746351837167595], [9.618956886551132, 11.745923665444877], [9.619147031110629, 11.745476875057761], [9.619704366163603, 11.745348084946215], [9.620877339317815, 11.745272095830614], [9.621790028886778, 11.744881155141229], [9.622873848649249, 11.74430404939244], [9.623349207799777, 11.74396895480345], [9.623577381091309, 11.743410464121666], [9.62365343765606, 11.742684424346749], [9.623615409823344, 11.742256246328736], [9.623044977943437, 11.742032849336567], [9.622892863015238, 11.741641902351944], [9.623387237431132, 11.741176488803944], [9.624071754607826, 11.741102023139888], [9.624623172121744, 11.741418503561135], [9.625326703664484, 11.741046173442214], [9.62574501971693, 11.740860006584057], [9.626296437230849, 11.741157871938299], [9.626999968773589, 11.741139255971916], [9.627672276754197, 11.740721574840848], [9.627969702339954, 11.740375977069732], [9.627722514682375, 11.73989194485739], [9.628026745437978, 11.739426528611432], [9.628525665926816, 11.73917556020399], [9.629129578667175, 11.73903557892885], [9.629966211671388, 11.739128663257247], [9.630669887105682, 11.73947263865142], [9.63087890213967, 11.740096727681873], [9.631164117629964, 11.740766924953675], [9.630916930871706, 11.741157871938299], [9.630156356230884, 11.741325421031377], [9.629814096743246, 11.741716368016], [9.630023254769469, 11.742088699034298], [9.630650728848082, 11.742386560791203], [9.631563420215741, 11.742274862295119], [9.632038779366212, 11.741958381873872], [9.6328183692724, 11.741865300243433], [9.633655001377235, 11.741828067411404], [9.63424444672387, 11.741511586090894], [9.6346247349436, 11.741102023139888], [9.63392120340086, 11.740636609591888], [9.6328183692724, 11.74059937675986], [9.632304979591197, 11.740766924953675], [9.632076808098248, 11.740469058700171], [9.632114836830283, 11.739724394864993], [9.632009768136356, 11.738512725681801], [9.637116632226821, 11.734854056069878], [9.639735107289425, 11.732978133234326], [9.640389454909439, 11.732798622258656], [9.643756436610317, 11.731874940276327], [9.643863232002616, 11.731845642162682], [9.658252073574374, 11.727898257798415], [9.661245433729846, 11.727077069751033], [9.664431285675334, 11.726806684081282], [9.67156277730038, 11.726201427753722], [9.680849767602751, 11.725602267930356], [9.6849043916244, 11.725340679428882], [9.692391693721731, 11.722162918683807], [9.70372517227895, 11.720727179815526], [9.712555872655457, 11.720866605309652], [9.734868745096549, 11.726897110913], [9.744367777550963, 11.728854494339487], [9.751241318432164, 11.73027085911292], [9.759744581946961, 11.73202304063085], [9.77956752122418, 11.736505050367839], [9.784824852684835, 11.727239502601037], [9.784254336268646, 11.723900866631766], [9.798280342763633, 11.698243818397543], [9.801982061123283, 11.691472456688587], [9.827777643623392, 11.692276464986946], [9.830646119422909, 11.68459840858975], [9.827824400275915, 11.682429614335263], [9.82079075129218, 11.67157821106565], [9.82080459635506, 11.670260429075597], [9.820865630644391, 11.66450023719625], [9.82118894411451, 11.663579075114285], [9.822072983081739, 11.66106033396727], [9.822109222162908, 11.657609940146642], [9.823304175647252, 11.6553201690906], [9.824522971957663, 11.65073013278942], [9.825718879622627, 11.648440360834059], [9.8269624711412, 11.64155006378445], [9.827010154994696, 11.636940002279346], [9.828206061760397, 11.634650231223247], [9.827071190183347, 11.631179810399999], [9.825916387831057, 11.626764527660896], [9.812547526746982, 11.627606937010569], [9.810972899279932, 11.626268322225314], [9.81067579924877, 11.624813298295123], [9.810854059267456, 11.622456142836768], [9.81150767843667, 11.620826493048241], [9.813597562577513, 11.619209756625025], [9.81402110728834, 11.619276381999498], [9.814577900949416, 11.619752274447933], [9.815286981309214, 11.619890284409166], [9.816500505793783, 11.620099675359768], [9.81696212060541, 11.619994979884439], [9.817539536620359, 11.619976578856097], [9.818270507378088, 11.619831906717195], [9.81865122097713, 11.61962632079809], [9.818773050336063, 11.619291292758987], [9.81912425807809, 11.617910254254866], [9.819307342060256, 11.617283448372518], [9.81940693837953, 11.616982265419267], [9.819507509563948, 11.616479880741963], [9.819502751251036, 11.616153893587352], [9.819659795363293, 11.615901672424286], [9.819931054274775, 11.61589453270659], [9.820149963649953, 11.615982572737607], [9.820349838873994, 11.615989711555983], [9.82062737685203, 11.615949358975797], [9.8208414361834, 11.615882992606089], [9.82114905198722, 11.615880201110429], [9.821491694586086, 11.615739336701097], [9.821613523045698, 11.615568016750615], [9.821552609265552, 11.615316745271627], [9.821582293188328, 11.61502732724938], [9.822470656095959, 11.614283353194253], [9.822817782714537, 11.613430273388474], [9.822582244874752, 11.6127100000665], [9.820516519222053, 11.609591328377178], [9.8202772141222, 11.60923004193296], [9.81797218336959, 11.605739594107035], [9.817196839162818, 11.604136692854127], [9.834908586661982, 11.598879487298575], [9.829466521862571, 11.588061135013447], [9.819567964689895, 11.579875789036464], [9.830783568207153, 11.540342700755104], [9.829698824840932, 11.53784779164232], [9.819994725376318, 11.532025331603847], [9.815879659718576, 11.529556293288351], [9.815376373021252, 11.529254320730388], [9.805576800628899, 11.521414665154737], [9.798617307942436, 11.513701763625534], [9.79778525698407, 11.512779638369636], [9.792138521775428, 11.506521610583889], [9.787869533552168, 11.504716107362526], [9.785146712850576, 11.498270034934194], [9.785182952831065, 11.494810104702594], [9.784522993441442, 11.492883700222649], [9.784049033636052, 11.491339683879346], [9.78524303383898, 11.489060403414953], [9.785280228000147, 11.485600471384714], [9.7856150491952, 11.484646259217527], [9.786487578638912, 11.482159614874377], [9.784703517953062, 11.468231546348818], [9.788003841004524, 11.463325660950545], [9.801438171834207, 11.443355710397782], [9.819414679743716, 11.450845920003246], [9.855712725861679, 11.465970105735835], [9.863461713587242, 11.460526295352281], [9.864559282185155, 11.458407665281584], [9.8657464331514, 11.458497638855022], [9.866384662222458, 11.458407665281584], [9.867050165033163, 11.458463571636571], [9.867563553814989, 11.458398348305195], [9.868193404801843, 11.458407665281584], [9.86887079215336, 11.458267899843747], [9.874845178262433, 11.452697158247304], [9.878001105266833, 11.448499559107404], [9.877172944775623, 11.447425763188448], [9.876887729285329, 11.445888277721906], [9.877220481140341, 11.443978058340747], [9.87774337575621, 11.441788278406364], [9.878266272170777, 11.43936552190138], [9.879026846811598, 11.43745525935276], [9.880074967086102, 11.435524202679858], [9.879503250075004, 11.433779715761318], [9.878694094956586, 11.430699341701313], [9.87684019292061, 11.425853620947919], [9.876079890774406, 11.42344247019389], [9.876103732701154, 11.421142206747504], [9.876128527909259, 11.41883240778941], [9.876164767889748, 11.415382014868158], [9.879169113264027, 11.413161904398407], [9.882086754100499, 11.410779952832627], [9.884280470367457, 11.40814148044501], [9.885558271197283, 11.406417543934538], [9.88561478189672, 11.401732291012479], [9.884859506960709, 11.398720712391025], [9.885144723350379, 11.39634418823374], [9.884146467785285, 11.394596729955197], [9.879976272786791, 11.388879776580495], [9.88085996911235, 11.386388531305727], [9.882343089661902, 11.384095785292288], [9.883712124914666, 11.382194469199419], [9.884453686088818, 11.381299728299894], [9.886050893733795, 11.381635257261337], [9.887362885888535, 11.381635257261337], [9.888389661653605, 11.381020120082553], [9.888788964239382, 11.379454314964732], [9.888903051334808, 11.376098987578246], [9.889188265925782, 11.373526544314643], [9.889473482315395, 11.371401465205508], [9.887362885888535, 11.370562612674462], [9.885651592047395, 11.370338918906043], [9.88468185938035, 11.369500063677037], [9.884567772284925, 11.368437511082334], [9.883483953421774, 11.36759865135673], [9.884111426601123, 11.365976847253762], [9.884054384402361, 11.364578733321935], [9.883141693934078, 11.363348387018505], [9.882742392247678, 11.362509512004408], [9.882171961267034, 11.361223230567703], [9.882633209155301, 11.35896968780088], [9.885029516598934, 11.356684203813018], [9.894759996776486, 11.351619920822714], [9.899004607976337, 11.349906162839204], [9.903520523053771, 11.347459320691144], [9.909105997343943, 11.34786712906481], [9.912023543751616, 11.347809791888437], [9.91670799267979, 11.347869872896354], [9.918282961889247, 11.347373859915763], [9.913697440184762, 11.31993870180969], [9.911917325724062, 11.318306611261164], [9.912136626304289, 11.317069227762715], [9.912700001204144, 11.316799998621093], [9.912999998850921, 11.316399999060764], [9.91340000200853, 11.316599999290588], [9.913600001339034, 11.316100001413986], [9.913984974127288, 11.316462150308041], [9.941470758668629, 11.313944955095678], [9.94840538689914, 11.296300804238797], [9.95765533772368, 11.286293810411053], [9.95822690814532, 11.28655601314955], [9.958460096056626, 11.28605632643837], [9.959359532316626, 11.285199720390835], [9.960346531966934, 11.284795529090445], [9.96138397728879, 11.283957958992687], [9.96229769028622, 11.283405923644523], [9.9632431286675, 11.283209729345572], [9.963642879115639, 11.282838534171049], [9.964002652900149, 11.282313148433104], [9.964611795198266, 11.281846203339683], [9.965007737916835, 11.282028944680121], [9.965548350975666, 11.282409659178484], [9.966073735814291, 11.282782759117083], [9.967124506390917, 11.283094944376217], [9.967722543860361, 11.283090962178221], [9.968274579208526, 11.282995785127412], [9.968415442718538, 11.28146103270052], [9.96889133516703, 11.280385514579905], [9.96945355263938, 11.278835765058545], [9.977170943584213, 11.27721023596365], [9.980352423925297, 11.275648001154366], [9.982086884302305, 11.27479630990183], [9.991547552577515, 11.270150736867038], [9.994712964731605, 11.267649340944388], [9.998535675181301, 11.264628530782147], [10.01185685960644, 11.261368384043749], [10.027722407762951, 11.265232359885545], [10.031623588557807, 11.265258038227955], [10.045429547135939, 11.265348911123397], [10.049884955826087, 11.265825588680002], [10.051965739727166, 11.266048209557255], [10.062824455384373, 11.266139299189376], [10.069672879999473, 11.26709715720807], [10.074782994239854, 11.267679904404133], [10.084171342633397, 11.26966123497806], [10.090469856099048, 11.26709715720807], [10.092980963800471, 11.265296051671498], [10.098432127041065, 11.261386176231099], [10.102965788440429, 11.25775311571374], [10.108176996371355, 11.253577102101644], [10.115667324687308, 11.250032327130214], [10.12205457066193, 11.247009584324928], [10.119931979077649, 11.237383418310174], [10.129812210764953, 11.237856044420937], [10.130781944331318, 11.237618259175349], [10.133192015898885, 11.236848953016818], [10.136514778833998, 11.236219519315398], [10.13966641157566, 11.237030788739958], [10.141489894942765, 11.238382790833157], [10.145666386994208, 11.240966179745442], [10.151791226084242, 11.23912392572862], [10.159159660290129, 11.231060027798094], [10.165049553294295, 11.227669715884701], [10.169739722809993, 11.226579665619113], [10.173270226439854, 11.225469590149487], [10.175620079403188, 11.224349975570988], [10.183830261057778, 11.223290442899668], [10.187339782604909, 11.223340034215255], [10.1896896355683, 11.22220992994437], [10.194524228110708, 11.224183620777524], [10.19552040084585, 11.224590302300669], [10.200025558232994, 11.226095199933582], [10.202297210647828, 11.225683212410388], [10.208379744729484, 11.227049829386146], [10.210720062181167, 11.227069856388823], [10.21306037873353, 11.227100373083772], [10.215419769007156, 11.225979805223858], [10.217760085559576, 11.226010322818183], [10.221269608006025, 11.22605037682348], [10.221882735200097, 11.22575811604429], [10.223620415150094, 11.224929809862886], [10.225970268113429, 11.224949836865505], [10.229479789660616, 11.225000380563188], [10.232999801799451, 11.223890305093562], [10.235340118351814, 11.223919867607833], [10.238118171816211, 11.223046303044498], [10.238689885230087, 11.222866070812586], [10.242389679040514, 11.221699714869999], [10.24709034004718, 11.220600128193382], [10.248080803886012, 11.220290457438693], [10.250610352186072, 11.219499588235465], [10.253278460832348, 11.215305490156311], [10.26364415105678, 11.210499577893245], [10.279452532008804, 11.203170238116058], [10.298810004678046, 11.205750465011988], [10.3035602570003, 11.205451964736426], [10.307654302803883, 11.205194495129888], [10.309383392429652, 11.205085753604692], [10.31405067419928, 11.204792023333255], [10.318955421055875, 11.204483985747402], [10.322196006640468, 11.2041978844249], [10.330389977115829, 11.205490112179007], [10.332730292768872, 11.205519675592598], [10.333522438110094, 11.20568527225754], [10.338569641176036, 11.206740379365044], [10.342080116004581, 11.20678043426966], [10.346750259416979, 11.20798969326978], [10.3526096339275, 11.208060264869403], [10.356345872763882, 11.208104721955408], [10.358460426207728, 11.20812988318761], [10.360631307788651, 11.207626368961826], [10.363160133033773, 11.207039832922021], [10.365509986896427, 11.205920219242785], [10.365910797645256, 11.204780956276181], [10.36595095057595, 11.204666826013238], [10.366720200077225, 11.202480316013805], [10.365579605214634, 11.199009896089876], [10.36561965921993, 11.195549964958957], [10.364469527946426, 11.193240166900239], [10.364500046440014, 11.190939902554533], [10.363360404858838, 11.187470435911962], [10.364620209355223, 11.179420471177878], [10.361140251221684, 11.175930023351953], [10.35881042526097, 11.17475032776548], [10.354180335853869, 11.170089721663373], [10.35070037772033, 11.166589738325797], [10.34951662259408, 11.165548416925958], [10.34644413019248, 11.162845612435092], [10.346090317114488, 11.159629822058662], [10.343790053668101, 11.156140326614832], [10.340310097333202, 11.152649878788907], [10.33915996605964, 11.15032959013854], [10.338020325377784, 11.148010253870154], [10.33572006193134, 11.143380165362373], [10.335760116835957, 11.139929770642425], [10.336463848927508, 11.137521825072213], [10.338478381572088, 11.130628676272465], [10.338240702446512, 11.127690228721121], [10.337337518711593, 11.124938323944548], [10.335531153040336, 11.12046059228254], [10.334010002859372, 11.118081768558795], [10.33234624538295, 11.117428754633352], [10.331157846157737, 11.118734780685656], [10.33187088623248, 11.121766603945673], [10.33106277522694, 11.124425254422022], [10.32985815492998, 11.125753140295217], [10.325844325055584, 11.124834179753634], [10.323504558888317, 11.12596446119096], [10.320224579400872, 11.128156652207792], [10.316706918989155, 11.130442109216006], [10.313522011331827, 11.130535393193895], [10.311858252956085, 11.12908949288584], [10.31081246192565, 11.127270448572403], [10.308863488059558, 11.124005469776648], [10.307095680821078, 11.122268365392813], [10.30682574121505, 11.122003112153948], [10.305968612661388, 11.121614162563617], [10.305727168973704, 11.121504600856667], [10.302398599116088, 11.119994157104713], [10.3000374551645, 11.120169011390828], [10.299879194269465, 11.120180731355731], [10.297169644863288, 11.12171996060772], [10.294317489060916, 11.122652822869554], [10.291655476019457, 11.12232632220207], [10.290134324939174, 11.120740452310088], [10.289563893958587, 11.118641493110488], [10.289040999342717, 11.116542520421035], [10.288541458321674, 11.113601498110711], [10.28804274377768, 11.110665313253662], [10.286938346627437, 11.10979057327637], [10.286616665426834, 11.107885259697014], [10.285689715308138, 11.106835734681454], [10.285238123440706, 11.104134942873372], [10.282243357644916, 11.104834634310976], [10.281349871299597, 11.105805326554616], [10.28091235202345, 11.10628065332952], [10.27910598635225, 11.107306855327181], [10.27734715614639, 11.107120272982286], [10.27568339777065, 11.105207799900086], [10.274433278972708, 11.101524934927852], [10.27050197988251, 11.098164192723345], [10.270834731737523, 11.09643824982544], [10.271205362137778, 11.095442855903116], [10.271737914573123, 11.09401258311425], [10.271452699082829, 11.092846389948988], [10.27050197988251, 11.089627673178597], [10.269551260682192, 11.087994977386359], [10.266651567615781, 11.08701535487478], [10.263751876348067, 11.086548866636917], [10.25804756204542, 11.083096834251535], [10.253864398822998, 11.082303793185531], [10.250679491165613, 11.081743999386106], [10.248065013589553, 11.079318210367148], [10.245830824233224, 11.07992466009506], [10.243454026682059, 11.081417451054563], [10.240126510829839, 11.083563326985995], [10.237752533552623, 11.085634160787947], [10.237131745933368, 11.086175675866798], [10.235230308432051, 11.088228219256962], [10.233499482215393, 11.088985424138059], [10.232200820711341, 11.089321765187378], [10.231379897064642, 11.089534375710912], [10.230048889644593, 11.09149360094898], [10.227957309382361, 11.093172924790679], [10.22629355100662, 11.094339116157357], [10.22287096332434, 11.09503882917869], [10.218497656441741, 11.094665649200408], [10.213839133169529, 11.093126277855504], [10.209846112707964, 11.092286615035277], [10.206993956905649, 11.090467341394742], [10.204189335669355, 11.089534375710912], [10.201155021287263, 11.08736148234658], [10.200671676156958, 11.08701535487478], [10.196583584764653, 11.08640892043536], [10.193398676208005, 11.08477620575735], [10.189215512985584, 11.081697348853595], [10.187456682779725, 11.079831359929358], [10.184857732898081, 11.076476878804954], [10.183027045961467, 11.07406607608857], [10.180650249309622, 11.071908467601759], [10.178808230915195, 11.07015904430449], [10.177203893444982, 11.066951739930914], [10.176134334232188, 11.064385871610739], [10.174827095893818, 11.062811351162964], [10.171618419154754, 11.061470086075644], [10.169835820766536, 11.05972059982588], [10.168825681560008, 11.058146053297776], [10.167815544152063, 11.053014140390303], [10.16656772492064, 11.047940455887385], [10.163953248243843, 11.042925005184884], [10.161754710711364, 11.040009004711862], [10.161062202158973, 11.037306882806433], [10.158783713997252, 11.032718878073808], [10.161771051392975, 11.029653672878737], [10.15777803183073, 11.021068500011324], [10.153601189943004, 11.013614208429033], [10.153594868608366, 11.013602927333295], [10.155629407571155, 11.005614535582424], [10.161318428003085, 10.997771487763998], [10.169103649413955, 10.988797079321785], [10.17042057165213, 10.988555626640903], [10.177229117629736, 10.987307310084361], [10.184506633074704, 10.985973008447615], [10.19534255721328, 10.981848676175503], [10.20427298161286, 10.97548634771681], [10.206460874769618, 10.972723761692293], [10.221513326978481, 10.95371747068475], [10.221422758953224, 10.953357504445307], [10.221820232317896, 10.952857173819552], [10.220297377022405, 10.946765754436058], [10.208166134159796, 10.946590949612698], [10.191410064722731, 10.948200226159543], [10.191111223604139, 10.94804878662228], [10.189080237862754, 10.947019577291712], [10.18675994921233, 10.944689751330998], [10.182089805799933, 10.9434795381502], [10.178580284252746, 10.943440437426318], [10.175080299116587, 10.942239760656491], [10.172739982564167, 10.942210197242844], [10.168165292294475, 10.943280534369194], [10.168040275738178, 10.94330978391946], [10.165699959185815, 10.943280219606493], [10.163350105323161, 10.944399835084369], [10.156700951587709, 10.944324070799269], [10.156319618355724, 10.944319726174456], [10.154158592445128, 10.946203232093524], [10.154000138195897, 10.946257215697983], [10.151090621834783, 10.947248459249067], [10.14811992639352, 10.945369719736846], [10.145759582838537, 10.94649982490705], [10.143420218668211, 10.946470260594083], [10.13403987873744, 10.947500228952435], [10.126979828356468, 10.950869559682474], [10.124629973594438, 10.951999663953359], [10.11991977707612, 10.95423984459319], [10.11754989621079, 10.956520081036956], [10.114000319758986, 10.959930419952968], [10.111239117791115, 10.962589713444572], [10.111255282205548, 10.963283497235636], [10.111928562353341, 10.992182408991027], [10.111614741227356, 10.99215430607643], [10.10126375941502, 10.991227353259774], [10.08801497940783, 10.99004089477154], [10.060280910935319, 10.970013716759695], [10.046211933034328, 10.965907423988483], [10.025363772020512, 10.972932569882232], [10.010325577663309, 10.970077216990035], [10.006312746036429, 10.95566315842808], [9.985526601371589, 10.95821580491554], [9.967114566184307, 10.97083864508744], [9.929153422692366, 10.991567538910829], [9.890393256743437, 10.99102020341968], [9.881496112655498, 10.989273191204859], [9.874032022060192, 10.997348785717918], [9.86998536603187, 10.999085409863824], [9.868856429980326, 10.999569892636487], [9.862929344613633, 11.006400107778802], [9.860916541365327, 11.010887312899229], [9.859332086106917, 11.01441955581788], [9.858084554658546, 11.021654610671817], [9.857819742087486, 11.023190370339364], [9.856868744097312, 11.025899887369974], [9.855625152578796, 11.032799721729816], [9.854406357167704, 11.037389755332981], [9.854369163905858, 11.04084014915361], [9.854320525871628, 11.045450210658771], [9.85918221408798, 11.055547455950375], [9.85293197622974, 11.066160201632044], [9.854042052598686, 11.071929931721002], [9.854243578078695, 11.072757605678987], [9.855164527920692, 11.076539993226163], [9.888989096669548, 11.093950039762547], [9.890348657564516, 11.106565613412386], [9.887501933667352, 11.113431876979575], [9.884341117948281, 11.118152127019073], [9.882265470974744, 11.122481287981088], [9.881124608114249, 11.125503743902698], [9.880440090937498, 11.127966461782819], [9.87924218497892, 11.129925428016122], [9.878842883292464, 11.130764980219737], [9.878058375893374, 11.132527322278122], [9.87815836521645, 11.134570921910552], [9.87855766690285, 11.135634338753789], [9.87924218497892, 11.137705191441455], [9.879983746153016, 11.139664091124928], [9.881238695209674, 11.141790881643942], [9.88220842787672, 11.143581851821068], [9.882721815759226, 11.1454847462241], [9.883349290737215, 11.147331659628435], [9.883349290737215, 11.148562928636295], [9.883634506227509, 11.151585113861984], [9.88391972171786, 11.154159543727985], [9.88369154932559, 11.15567061071016], [9.88329224673987, 11.157573425073565], [9.882949989050815, 11.160091837068649], [9.882892945053413, 11.162162516187209], [9.882664772661201, 11.163841431736728], [9.881695039994156, 11.165240523231603], [9.881409823604542, 11.166079972912485], [9.88026896074399, 11.167758866878273], [9.879955427401114, 11.16950575678527], [9.879940344871045, 11.170266785583749], [9.879010843375795, 11.172077312418082], [9.878713744243953, 11.173359775333438], [9.878297804200372, 11.174525644742744], [9.87806012417542, 11.176216148956144], [9.877644185031158, 11.177498593885048], [9.877465925012473, 11.178955911086462], [9.876812305843316, 11.180296635681259], [9.876277525787259, 11.18169564713645], [9.875623906618046, 11.18332781682534], [9.874910868341942, 11.184726812992096], [9.87419782916652, 11.185950928792352], [9.873781889122938, 11.186767004193939], [9.874316669178995, 11.187466494183411], [9.875207968373104, 11.188165983273564], [9.87669346583084, 11.18845743736091], [9.877703605037368, 11.18857401827637], [9.878297804200372, 11.189273503769243], [9.878773164250163, 11.190730761615384], [9.878713744243953, 11.1915468226278], [9.878773164250163, 11.193062359240514], [9.878713744243953, 11.193994992175192], [9.87924852340069, 11.194519598200941], [9.880258661707899, 11.19498591197032], [9.880956695694977, 11.196144315208016], [9.879233518212345, 11.196668914938527], [9.877332079811708, 11.196552336721027], [9.875727742341496, 11.197135226009948], [9.873766883934593, 11.196552336721027], [9.87311326476538, 11.19754324932154], [9.872563993033907, 11.19813750783976], [9.871984286445695, 11.198592444285907], [9.87022519273853, 11.198360507331586], [9.867943731418109, 11.198184423672274], [9.866279973042367, 11.197892980376764], [9.864319114635464, 11.198301000990455], [9.86147058579894, 11.198206727758304], [9.860878944307899, 11.20096969599473], [9.86022242932171, 11.202840194119688], [9.859671592769814, 11.204409599223652], [9.856086731417577, 11.211270331960293], [9.854891777033913, 11.213560103915711], [9.852500915884605, 11.218139648725867], [9.851903947709047, 11.21984318231705], [9.851766632923841, 11.220235030422373], [9.848592820202555, 11.227716132593514], [9.841861830858875, 11.229567457172436], [9.840730737333729, 11.232842893284953], [9.83979472474681, 11.235553406764382], [9.838742285028502, 11.23860107607885], [9.838542652621356, 11.239520340591298], [9.838155151838862, 11.24130471064393], [9.836977004884943, 11.246729851101804], [9.834587097016936, 11.251310349193318], [9.832173347222238, 11.258190154751901], [9.830977439557216, 11.260479926707319], [9.829771042199866, 11.263919829936242], [9.829756671932898, 11.265252887810561], [9.82974624609244, 11.266220093382628], [9.828551291708777, 11.268509865338046], [9.826161384740146, 11.27309036342956], [9.82612419057898, 11.276539803069511], [9.825518811943653, 11.277995092299705], [9.82493019127537, 11.278829575024929], [9.824922361777624, 11.279555851321504], [9.822680280870316, 11.278436695397204], [9.819885758121302, 11.277643914235284], [9.817689005743091, 11.277807351628041], [9.816262928291565, 11.278576548968601], [9.814663772714994, 11.277981511637506], [9.813695987080166, 11.277038154287425], [9.811842085044248, 11.277457715900937], [9.81084383037853, 11.278296840926544], [9.809203840185148, 11.277667497157324], [9.808062977324596, 11.276408806920927], [9.805781251603548, 11.276268951550946], [9.804456408136787, 11.274838831646832], [9.803172972154982, 11.274280137718222], [9.802193755237681, 11.27385387255822], [9.800718673727886, 11.274450831740523], [9.798151733415807, 11.273262055699377], [9.79636913502759, 11.27228306001524], [9.794087409306542, 11.270325056955869], [9.793873498363325, 11.268856546792222], [9.794301321149078, 11.266618802415849], [9.793160458288583, 11.265360063616072], [9.79201959632735, 11.26340201289264], [9.7899966082569, 11.263412380277202], [9.788882223236044, 11.26067470817128], [9.78731353669042, 11.26060477688901], [9.784889203673856, 11.261024363683475], [9.782821389795345, 11.262492914316567], [9.781181399601962, 11.261933466756147], [9.77911358662277, 11.261583813042591], [9.778543154742863, 11.26060477688901], [9.7769031654488, 11.25836696776139], [9.776475341763671, 11.257038259907802], [9.775477087097954, 11.256478804253447], [9.772981450433633, 11.255919344102495], [9.771341459340931, 11.25577947883994], [9.768774518129533, 11.25438082711355], [9.76756235162128, 11.253331833597315], [9.767704959816115, 11.252282837383063], [9.76713452793615, 11.250394631607037], [9.765280625900232, 11.250254763646467], [9.764211067586757, 11.248226678218657], [9.762493777965517, 11.245753995850293], [9.75037943516287, 11.245323439125457], [9.747454647414088, 11.245219489188116], [9.745529440831092, 11.244939748770435], [9.745529440831092, 11.246198578401732], [9.744602489813076, 11.247247597098976], [9.745529440831092, 11.247597269698304], [9.74481628564314, 11.24843574541336], [9.74388945063771, 11.248576349019345], [9.742819892324235, 11.249275689721344], [9.741465117621146, 11.24864628299963], [9.739618356202243, 11.2482204459169], [9.737614706253737, 11.248436481058775], [9.735404285079767, 11.249205755741059], [9.733805196053027, 11.250230642929864], [9.732146892065487, 11.24981164788926], [9.731341806379305, 11.249060201367229], [9.730414855361346, 11.249339936388992], [9.729630511638845, 11.250179143252922], [9.728204433287999, 11.25108828139912], [9.727304726332079, 11.251226155562676], [9.72635053125208, 11.250878480357642], [9.725780100271436, 11.250109209272637], [9.726707051289452, 11.249339936388992], [9.72600848490373, 11.248409924078771], [9.7247818447064, 11.247591582385667], [9.7255661884289, 11.246822301408145], [9.725637492076658, 11.245983084651698], [9.724567932863863, 11.245983084651698], [9.723284462707852, 11.24626282417006], [9.722286208042135, 11.24689223628775], [9.720860129691289, 11.247521646606742], [9.720075786868108, 11.246962170267977], [9.718364493026968, 11.24675236742786], [9.717081021971637, 11.24626282417006], [9.716114686043966, 11.245542656068778], [9.715512336325332, 11.244654321040116], [9.715712716968369, 11.243882941044944], [9.715227119935662, 11.243045808017655], [9.71529842358342, 11.242136644690447], [9.715711672855491, 11.241413559188459], [9.715256138360132, 11.240365820226486], [9.71487060079761, 11.23947907429988], [9.714157764869014, 11.238773790877815], [9.713801041584873, 11.238010405855619], [9.713801041584873, 11.236681605371814], [9.714300168917703, 11.235982234092887], [9.713159306956527, 11.235632547104387], [9.71223235593851, 11.235142985860136], [9.712951696663538, 11.234133165912908], [9.712493173721043, 11.233017834805253], [9.711804532253382, 11.232345473764667], [9.712446266881784, 11.231506217438039], [9.713943649779651, 11.23171603107005], [9.713729737937115, 11.230527077862405], [9.713159306956527, 11.22989763067119], [9.711804532253382, 11.230107446101783], [9.71016454206, 11.229967570047393], [9.709166287394282, 11.23094670872365], [9.70746572786112, 11.231266748661596], [9.705743698812682, 11.230666954816172], [9.704175013166378, 11.231506217438039], [9.701685483798087, 11.231269771282939], [9.700538512742241, 11.231016647200533], [9.701180248269907, 11.230457139385521], [9.701051977966472, 11.22944191631143], [9.699682866271303, 11.22891848569958], [9.698353754622133, 11.229260389055753], [9.696616796827755, 11.228708669369666], [9.695975062199409, 11.227659583223215], [9.695932614198853, 11.226704935784198], [9.694905502986614, 11.226260793900565], [9.693907249220217, 11.227170006690528], [9.692619876006518, 11.226901095009566], [9.691090652611592, 11.22637177024103], [9.689557709620658, 11.225841155844705], [9.689272494130364, 11.22465217925469], [9.68794565236999, 11.22384543701736], [9.68649164107643, 11.223253376442244], [9.685208170920419, 11.224372419051974], [9.684637739040454, 11.224092659748521], [9.684851650883047, 11.222973615340152], [9.684067308059866, 11.22192450671065], [9.68264122970902, 11.221854566435127], [9.679555079303498, 11.2219783752019], [9.677649954581796, 11.221295040633663], [9.676152572583192, 11.222134329335859], [9.674298671446593, 11.222134329335859], [9.672444769410617, 11.222973615340152], [9.670590867374699, 11.224512298703644], [9.670876082864993, 11.225841155844705], [9.670519562827621, 11.227309886342255], [9.669592611809662, 11.228708669369666], [9.66887957263424, 11.230107446101783], [9.668665661690966, 11.231016647200533], [9.667596103377491, 11.231436278961155], [9.665871335893485, 11.230997678699964], [9.665670896794495, 11.229827691294986], [9.664030906601113, 11.229967570047393], [9.66331786832501, 11.229198242305074], [9.66200587527095, 11.228442901718608], [9.652479671599622, 11.23185590712444], [9.647550886764066, 11.234087624244523], [9.646035568686614, 11.234196375662236], [9.637806018333151, 11.234787000020106], [9.637524463083537, 11.234832953578007], [9.630113412703906, 11.236042551622518], [9.62592342722445, 11.236726420388038], [9.6250588693714, 11.237077872745658], [9.618213654436659, 11.23986053523555], [9.615426482746045, 11.240250246551682], [9.614065965871703, 11.240440722961068], [9.60335773467176, 11.243403613186274], [9.600655861878579, 11.244859411432742], [9.598959869102714, 11.245773229650865], [9.596720814414084, 11.24697965578656], [9.595624084883639, 11.247570586813197], [9.594582038630222, 11.251101747847429], [9.593536247599786, 11.257162593878661], [9.594819717755797, 11.26205779892831], [9.596984765434627, 11.268864563348984], [9.598432162214579, 11.292949027375755], [9.601640838054266, 11.29826315462094], [9.607273847809893, 11.302598291577965], [9.609642383289383, 11.309130170121307], [9.609396987980688, 11.315467894927451], [9.59255539481569, 11.315904444734372], [9.590893345151812, 11.315882712617167], [9.559104188607478, 11.315467054061344], [9.559033050435005, 11.31692970963843], [9.544867383722817, 11.316570202053242], [9.54170339789357, 11.316452414247578], [9.540933978420412, 11.316752357935002], [9.538735628846268, 11.317162194279888], [9.537878244885121, 11.3173220361831], [9.527742424073665, 11.316632117678125], [9.525555200012548, 11.316483240309367], [9.520261226574405, 11.315387935305012], [9.516278360358115, 11.314371034095984], [9.514460907844693, 11.313868334655979], [9.511793670641453, 11.313130586607315], [9.511744090117702, 11.311988016833538], [9.510959748193898, 11.311358746808764], [9.5113519191558, 11.309680689212485], [9.511423222803558, 11.307897741887302], [9.51013975174817, 11.306044862380531], [9.508322015049032, 11.305065908964593], [9.508000634221958, 11.302793554179232], [9.50750150688907, 11.301954501998694], [9.507858026926442, 11.300800798618013], [9.507953759758266, 11.299784306600543], [9.507715417832344, 11.297654317193008], [9.506824118638235, 11.297374627137401], [9.505968473066616, 11.297129898226274], [9.505219781168023, 11.29538183380464], [9.5049702184009, 11.293843528156344], [9.504685002011286, 11.292654832154824], [9.505611953029245, 11.291116512117412], [9.5057545621234, 11.289857880336967], [9.505112824797095, 11.2893334487797], [9.504649350187435, 11.28772518576875], [9.504221525602986, 11.287200750614204], [9.504114571030698, 11.286221801694865], [9.503472834603656, 11.285382700051628], [9.502189365346965, 11.28482329835657], [9.501690237114815, 11.283459749867632], [9.501191109781928, 11.282236047755475], [9.49972938140587, 11.281117229976246], [9.499636491331046, 11.280877069621113], [9.49933720774601, 11.280103297429264], [9.497519398201689, 11.278085663022978], [9.489818135698442, 11.28195634420996], [9.483721651333212, 11.284193968976524], [9.478766028029838, 11.286501501643045], [9.478504263261186, 11.286505577370576], [9.475315779000027, 11.286139865362543], [9.475338584907831, 11.284565219909041], [9.473912506556985, 11.283935889629674], [9.472700340048675, 11.282327595142476], [9.471202958050128, 11.281768187152181], [9.466734001972668, 11.283614966557536], [9.465561956918805, 11.28205990564021], [9.464064574920258, 11.281500499448555], [9.452877440341638, 11.286123541768063], [9.449090752236486, 11.287374237031486], [9.447735976634078, 11.288493029629649], [9.446452507377387, 11.290031364056233], [9.445240339969757, 11.291289994937358], [9.443885566165989, 11.291499766301229], [9.440962104917276, 11.293247855903871], [9.436184743431227, 11.294646318772664], [9.432476939359333, 11.294856085639879], [9.426239156212148, 11.295044016967836], [9.421177719576121, 11.29883761636296], [9.411639492868346, 11.299995817253205], [9.40819254704843, 11.304492818688686], [9.407855395709987, 11.304899722344373], [9.405102710321898, 11.308221891726987], [9.397972317668348, 11.316612128446991], [9.391990758566692, 11.320913245849681], [9.384986486836965, 11.325949757775163], [9.38371153416, 11.326866527568257], [9.379569986165961, 11.331267926573616], [9.363818791304197, 11.338563666779862], [9.351360458718261, 11.343197370562223], [9.346144315307981, 11.346746133127567], [9.345896732848018, 11.346470288573016], [9.34461326269195, 11.344722526323608], [9.344042830812043, 11.34311457178012], [9.344185439006878, 11.341646433036487], [9.342616753360517, 11.340737580874702], [9.341689802342557, 11.341786256930277], [9.340976763167134, 11.34297474878565], [9.33940807662151, 11.344023415848028], [9.33776682377993, 11.344852392024336], [9.33747487956208, 11.344454835921965], [9.336904447682173, 11.342846883177174], [9.337047055876951, 11.341378744433541], [9.335478370230646, 11.340469892271756], [9.334551419212687, 11.341518567428011], [9.333838380037264, 11.342707060182704], [9.332269694390959, 11.343755727245082], [9.33012421865783, 11.344839378834308], [9.329853351850772, 11.344722526323608], [9.330889612765475, 11.342955821653902], [9.331079757324972, 11.341231340154252], [9.330461789979665, 11.339879711279707], [9.329130782559616, 11.339646670857235], [9.327989920598384, 11.340485615119064], [9.327153173380282, 11.341899883572808], [9.32642123405276, 11.342955821653902], [9.325422980286362, 11.343375289737878], [9.324757475677018, 11.343748148658165], [9.323426470055608, 11.343515111832971], [9.323160966805233, 11.343694460930692], [9.323751229635604, 11.342688133050956], [9.323941374195101, 11.340963650651986], [9.323323406849795, 11.339612021777441], [9.321992400329066, 11.339378982254289], [9.320851538367833, 11.340217927415495], [9.320014790250411, 11.341632194070542], [9.319282850922889, 11.342688133050956], [9.318284597156492, 11.343107600235612], [9.317619093446467, 11.343480460055218], [9.316784537876174, 11.343334343605136], [9.316288086925738, 11.343247424129345], [9.31501372510337, 11.344108265084401], [9.31487644539169, 11.345423178237127], [9.314828335259506, 11.345883996249484], [9.3143862510247, 11.34634540511638], [9.313644689850605, 11.346247530998824], [9.31363798000882, 11.346239841795295], [9.313026361877121, 11.34553902800377], [9.312806965968775, 11.345287636015655], [9.311730984697249, 11.344719582842515], [9.308518432779522, 11.342172556218543], [9.304621203605734, 11.338552541266836], [9.303756678128252, 11.337749509632204], [9.297703328845614, 11.338206366130919], [9.294334011605372, 11.339405614777377], [9.29324897775814, 11.341918325970028], [9.292563692560407, 11.345744498809609], [9.291021802214459, 11.348200103052363], [9.29024399836186, 11.348495131944844], [9.289365697069286, 11.34882828040088], [9.287123236648085, 11.349394847893961], [9.266535427567987, 11.34341262509264], [9.262799097000766, 11.342496785198534], [9.254176084258916, 11.340383131076692], [9.23816163355258, 11.337231637729928], [9.23028968242295, 11.335162217662287], [9.211414779668416, 11.328817788410277], [9.20241640879027, 11.327630813711153], [9.194971659014925, 11.326648778318486], [9.19463772275276, 11.326604728625398]]]]}}, {"type": "Feature", "properties": {"disco_name": "IE", "color": "#E65100", "states_covered": ["Lagos (selected LGAs)"]}, "geometry": {"type": "MultiPolygon", "coordinates": [[[[3.341466413744058, 6.473950531391949], [3.341979283617093, 6.473712758736895], [3.342691038560645, 6.473176152157748], [3.343923239266132, 6.47228688003554], [3.344795653596577, 6.471551027757755], [3.345430960770273, 6.471205942600193], [3.345966864978891, 6.471067717701033], [3.346487513088334, 6.471013750284385], [3.347015926843596, 6.471120614924473], [3.347337645815742, 6.471296551994328], [3.347958107880402, 6.471640780097971], [3.348831429626841, 6.472237580999604], [3.349451968133849, 6.472689031673497], [3.350011087441771, 6.472903098199481], [3.350463364592656, 6.472901560358764], [3.350386745052276, 6.47283268218257], [3.350356036801713, 6.472717818972228], [3.350417120553743, 6.472465031236254], [3.350659694689227, 6.471411070764361], [3.35081701489338, 6.470530182122275], [3.350900034009385, 6.469469838262455], [3.350933227086784, 6.469024637876771], [3.350908198054924, 6.467430635415553], [3.352078143191818, 6.467214417711261], [3.352628337627721, 6.466989054801104], [3.353178470909768, 6.466675134749721], [3.353482275386739, 6.466552859327066], [3.354779176018212, 6.466537596033277], [3.35552390730254, 6.466604299648736], [3.355500825302897, 6.466446349919181], [3.355483225570424, 6.465915022360434], [3.355468205992963, 6.464967236748635], [3.355944202762771, 6.464033468869559], [3.35603816123222, 6.463821009432081], [3.356140372780033, 6.463533726400385], [3.356167546694962, 6.463142959280219], [3.356134726836217, 6.461867583921901], [3.356225880320153, 6.460822071681321], [3.356236834962033, 6.460063828083264], [3.356443153828536, 6.459466285240921], [3.356189727573906, 6.458398038139023], [3.35612017400689, 6.457479011946873], [3.356148276022168, 6.455160985990744], [3.354278034203958, 6.455089531256931], [3.353054830316239, 6.455061657669432], [3.352141648818076, 6.454918684349877], [3.351452459663335, 6.454815765035562], [3.351033641789172, 6.454849209023848], [3.351021700591048, 6.45472989776664], [3.350918112181205, 6.454408293008385], [3.350860072634305, 6.453517978571881], [3.3506704469836, 6.453345782681765], [3.350469065395089, 6.452777242975458], [3.351054740783695, 6.452673444124173], [3.351433751066793, 6.452667439350876], [3.351472555913745, 6.450645445930661], [3.351494311413376, 6.448881955437969], [3.350188773692992, 6.44601074120277], [3.349475691350108, 6.444540709386274], [3.349176600219948, 6.443840118626611], [3.349072634094853, 6.442961323606255], [3.349036903130639, 6.441094474930139], [3.349035385075013, 6.438871461448855], [3.34900584864107, 6.43766519359383], [3.34906026571872, 6.437199610973323], [3.349059825050915, 6.436973870347913], [3.348471502957523, 6.436729759271032], [3.347724835432871, 6.436510071982298], [3.345073758147464, 6.436540591375262], [3.343810625260176, 6.436847800685484], [3.341885319751725, 6.437582145699537], [3.340954633849321, 6.437880804255769], [3.339955562599187, 6.438059540915106], [3.339398394820137, 6.437835886716869], [3.338599010835708, 6.437887128288367], [3.337675748836773, 6.437980634398798], [3.337079658399546, 6.438062606703966], [3.337084692804353, 6.438099363794663], [3.336384626349457, 6.438881041926606], [3.335512244394636, 6.439605389177416], [3.334713585263785, 6.439987325854474], [3.334501882156189, 6.440088567033797], [3.332767931694718, 6.440526261677689], [3.330964972655408, 6.440814644580257], [3.329082591788222, 6.441132751875045], [3.327991626012761, 6.44130578233603], [3.326986799101519, 6.441481944236386], [3.326460446592364, 6.441554084253653], [3.32632265606577, 6.441600125945115], [3.326149157058012, 6.441549450946468], [3.326145345731163, 6.441583964228641], [3.325092641612173, 6.441728241565158], [3.324255404263567, 6.442063855062884], [3.322604776888966, 6.442615390388028], [3.321313339638948, 6.443621446672466], [3.320452574226977, 6.444603295905438], [3.319974537794735, 6.445417363120839], [3.319281528319948, 6.446829922862719], [3.319201414014117, 6.447219511871026], [3.319191928864484, 6.447265635400811], [3.318971414199439, 6.448337979813971], [3.318568314676043, 6.449742978056065], [3.318224356369001, 6.450700567177478], [3.317627756915499, 6.451719583591967], [3.316858993947449, 6.452926353268651], [3.316446021666593, 6.453730803134079], [3.316159950921019, 6.454297321164461], [3.316142024734688, 6.454332819204296], [3.315952757913522, 6.454707629653456], [3.315505790359964, 6.456258853163604], [3.315391711358416, 6.457511168105952], [3.315346205662934, 6.458215822901934], [3.315438619996371, 6.459073571987801], [3.315542674255084, 6.459682767345896], [3.315561577105143, 6.459793440614817], [3.316100568686352, 6.459834591793026], [3.317157326049823, 6.459987114114085], [3.318413270655981, 6.460308008407935], [3.319730665038207, 6.460935218985242], [3.321094197339391, 6.461868755738521], [3.323775392020764, 6.463827757045408], [3.325276814673316, 6.464837783836686], [3.327940338575786, 6.466703842908089], [3.328825152758668, 6.467358114085755], [3.330353424670875, 6.468414062059367], [3.333715507764509, 6.47081774034649], [3.333898716752401, 6.470967571895983], [3.334580527869093, 6.471464956342686], [3.337499277569634, 6.473546265447851], [3.338161888160641, 6.474044785738329], [3.338739720561705, 6.474479520713373], [3.33877777267611, 6.474598510013266], [3.339850850036726, 6.474097135274633], [3.340608852616526, 6.474012378668363], [3.341466413744058, 6.473950531391949]]], [[[3.365434124185526, 6.517285980263807], [3.365403679436326, 6.517542575729351], [3.365392508057823, 6.517979142623403], [3.365396752857919, 6.518553560298642], [3.365259324758085, 6.519124250283994], [3.365213516890321, 6.519315756417086], [3.364869393108052, 6.519978502805714], [3.364647604103709, 6.520376926753841], [3.363985385617127, 6.520049747997518], [3.362529928213689, 6.519399786371082], [3.362261671239196, 6.519074473708031], [3.360841880048781, 6.514748194173876], [3.358638913355207, 6.512835028613722], [3.358548668186529, 6.51278377894829], [3.358261525449109, 6.513030293913005], [3.357871330297712, 6.513524572101346], [3.357584383612448, 6.513834962313695], [3.356504932756479, 6.514249307859302], [3.356286759026773, 6.51435285759834], [3.355116051264815, 6.515674849314905], [3.352280596772175, 6.518192798159134], [3.352142420436394, 6.517710381129234], [3.352130284085376, 6.516779828326491], [3.352026648011417, 6.516412270909598], [3.351831213639628, 6.516182638917712], [3.351704268037565, 6.515332585330611], [3.34856855689344, 6.515553039741064], [3.348499018614859, 6.514656991227184], [3.348604181737642, 6.512766388757882], [3.348614369257803, 6.512583251715739], [3.347705187944143, 6.512283572428998], [3.345763628988323, 6.511813879007377], [3.344155427131284, 6.5117000931848], [3.342784395383603, 6.511708699696783], [3.341997536257338, 6.511669024306059], [3.340883129652752, 6.511365334042978], [3.33995264339984, 6.511256820945562], [3.33887863524086, 6.511240310292123], [3.338183660747404, 6.511189077713823], [3.337661645668447, 6.51110977999241], [3.337615469978005, 6.510765157985702], [3.337511752965099, 6.510259736297826], [3.337454158582602, 6.510018518340019], [3.337304687661231, 6.509800337415697], [3.336787555001706, 6.509444541332584], [3.33660363285145, 6.50923787173042], [3.336316285068563, 6.508962341039251], [3.336165314078016, 6.508790602904071], [3.335902456633107, 6.508491590014899], [3.335592114984195, 6.508181608094787], [3.335143889279095, 6.507802786669345], [3.33476459840756, 6.507446897056695], [3.334454181215563, 6.507022030342455], [3.334143719057408, 6.506528233291363], [3.333925127142948, 6.505999908568981], [3.333764088242106, 6.505655362105301], [3.333580131018266, 6.505391250106129], [3.333315715048286, 6.505046771091656], [3.332338761724543, 6.504128339351439], [3.332103518862368, 6.503893931060134], [3.331944084352074, 6.503730126744017], [3.330762532564847, 6.502516196665169], [3.330302711900686, 6.501957393019325], [3.329467416188379, 6.501008226048839], [3.328379482926834, 6.500151128971481], [3.327677372312905, 6.499694023360519], [3.326738900080215, 6.499043618368319], [3.326595166833556, 6.498804368127139], [3.326623777865109, 6.498641597132064], [3.32654582103288, 6.498777530558641], [3.326131992597425, 6.499024320715876], [3.325557992207621, 6.499515343358439], [3.325259011694072, 6.499738124315058], [3.324206565680527, 6.500471187795142], [3.323795141132905, 6.500737121820748], [3.322816771376949, 6.501309776824769], [3.322288649002019, 6.501563548419085], [3.321980368599156, 6.50054508868493], [3.321684604061261, 6.499555992714932], [3.321476508134367, 6.498447170000929], [3.321380165562232, 6.497465926011728], [3.321435241843005, 6.496269176581279], [3.321505119165977, 6.495769703908763], [3.320865175087818, 6.495605482307212], [3.320183983604011, 6.495430673886517], [3.319595264909594, 6.495354456343136], [3.319082482270801, 6.494263376353786], [3.318588755366818, 6.493028677331665], [3.317913061438674, 6.491626552423497], [3.317400366933441, 6.490664714005391], [3.31734758662185, 6.490449338066526], [3.317316301006542, 6.489846412781787], [3.317180676047428, 6.489806606989362], [3.316598419881245, 6.489850850936079], [3.316446854438823, 6.489831001099844], [3.316139587571968, 6.489555947948702], [3.315421298154433, 6.488902191183229], [3.315245758584922, 6.488811349764035], [3.313088662711664, 6.488391442810894], [3.309406249199071, 6.487608657613521], [3.303758139826357, 6.486310045572168], [3.301716399092584, 6.485759531876965], [3.299626258644992, 6.485226236601591], [3.292119327944704, 6.483291933376051], [3.290324363878312, 6.482814275558439], [3.290271024188485, 6.484354533634871], [3.29020666240757, 6.486213024011874], [3.290072864870865, 6.489364458003365], [3.29004223306265, 6.491590370898962], [3.289490055621627, 6.490673565132965], [3.288754546884888, 6.489984674553114], [3.287007835043596, 6.48854577636655], [3.284494988952645, 6.486387353993223], [3.283575809875799, 6.485867056619441], [3.283162191881672, 6.485652836309384], [3.283016913599738, 6.485419577351649], [3.282889880763435, 6.485539903044128], [3.282439907675666, 6.485358252581364], [3.281817592108212, 6.485080960118239], [3.280572967268654, 6.484535945777338], [3.280151585427348, 6.484124506840544], [3.279835554667159, 6.483827896040623], [3.279433332882036, 6.483445167060836], [3.279193935152023, 6.48325382370507], [3.278755536338963, 6.482934061657659], [3.277269526267673, 6.48204643169754], [3.275538552562182, 6.481281473761044], [3.274757340279052, 6.48097553699148], [3.274006766099433, 6.480684901287191], [3.273317261282614, 6.480041915701918], [3.272857608791639, 6.479643893750733], [3.272053949430244, 6.479117131150758], [3.271697283702736, 6.478889945314791], [3.271352590649599, 6.478674718663399], [3.271242465067758, 6.478552060129516], [3.271240785134182, 6.478566835091442], [3.270153190017766, 6.478077237874288], [3.269234293327997, 6.478031771748931], [3.268011467155532, 6.477930060224139], [3.266384235644011, 6.47781603068529], [3.264000828975099, 6.477664094722229], [3.262569289940814, 6.477564610818206], [3.262086441236306, 6.477531054414669], [3.258523170807734, 6.477365020679201], [3.253775560693612, 6.47716828139113], [3.250620728164108, 6.477096129682707], [3.247964633561025, 6.47714530281354], [3.247469883228575, 6.476972945944738], [3.247400996958504, 6.477153946197689], [3.247396921230973, 6.47716598002603], [3.246353579953791, 6.477089897380893], [3.245578011815837, 6.476534993195401], [3.245194932100503, 6.476085209864607], [3.245127279700228, 6.474735340063944], [3.245270612748641, 6.474237434010433], [3.244887451194984, 6.473615321689806], [3.244408680915967, 6.473213454237566], [3.244178844777935, 6.472964646001685], [3.244101947347019, 6.47228494379516], [3.243996609755811, 6.472179682646299], [3.243460586836648, 6.47214164492101], [3.242474913686351, 6.472544214743778], [3.241594447725618, 6.472783979397207], [3.241460537773662, 6.472975518805185], [3.24142446956364, 6.473237995836882], [3.241422384035843, 6.473253177292349], [3.24115433120744, 6.473147991686517], [3.240725584817937, 6.4732707401526], [3.240336868151985, 6.473674884688251], [3.240327605134894, 6.47368451642734], [3.239481099373279, 6.474395825307113], [3.239470335387693, 6.474404869788941], [3.239210407034705, 6.475293440439998], [3.239027136892901, 6.476365791148396], [3.238890148561552, 6.478158068040443], [3.238936208239465, 6.478403135096642], [3.23977912570615, 6.479704773356673], [3.239645692394845, 6.480046322379906], [3.239641460185283, 6.480057152915322], [3.239136097852679, 6.480103345692896], [3.238661516615764, 6.480471202583999], [3.238202185182729, 6.480701188908768], [3.23772734404173, 6.480517595011065], [3.237308559442511, 6.480248594297223], [3.237298404297974, 6.480242070615134], [3.237212409325252, 6.481410682956721], [3.237207096130646, 6.481482876033965], [3.237472291812878, 6.481823798229755], [3.237883969069969, 6.482024653714859], [3.238573125849143, 6.48201475667571], [3.238860299163548, 6.482062490891281], [3.239923042414546, 6.48266513828554], [3.24050736971941, 6.483622239974466], [3.241024611196906, 6.484397470866611], [3.241031403776333, 6.484498657187316], [3.241043890862898, 6.484684674758], [3.240832406290565, 6.484979272875194], [3.240823887012823, 6.484991141228249], [3.240517612997508, 6.485039155132938], [3.239216044884586, 6.485441868847204], [3.237373666761357, 6.485849131332373], [3.237349744794926, 6.485854419346026], [3.235561068788343, 6.488535912602345], [3.235102026037737, 6.489407341275808], [3.234078931197757, 6.491772539371254], [3.233314326694881, 6.494262075934103], [3.231601547173739, 6.495564896802591], [3.229027530995779, 6.497423382682996], [3.227869077396065, 6.498213742870007], [3.225282533662039, 6.499947756283973], [3.224501646034184, 6.500377008991848], [3.223919903380875, 6.500913398834314], [3.223300783104719, 6.501282360092887], [3.223276828762664, 6.501296635031736], [3.22298585940996, 6.501342717192699], [3.222526399373862, 6.50134292043947], [3.222335718818442, 6.50096191006412], [3.222311795952692, 6.500914108399456], [3.222205761386817, 6.500095019369724], [3.222188856830314, 6.499964442305213], [3.221913087818791, 6.499750109579963], [3.221315732934784, 6.499612508810287], [3.220457930788939, 6.499275886273153], [3.220243450574856, 6.499122799177883], [3.219829945895356, 6.49913829719469], [3.219247987404742, 6.499184504361438], [3.218834462040832, 6.499154046122385], [3.21813007884009, 6.499430075937312], [3.217917578933168, 6.499458507104464], [3.217900364110562, 6.499460811167523], [3.217396437995262, 6.499950424572489], [3.217379861691313, 6.499966531430346], [3.217104179914031, 6.499951331089107], [3.216797808771901, 6.499798281765322], [3.21667514304346, 6.49946133727093], [3.216521825721713, 6.499078450909849], [3.216273708165147, 6.498772161606041], [3.216261329896497, 6.498756883023759], [3.216184577256456, 6.498343327082921], [3.216597846313618, 6.497776381874587], [3.216949950679748, 6.497439234133424], [3.216720203574596, 6.497393377702281], [3.21606171457654, 6.497546839814845], [3.215709609311091, 6.497883987556008], [3.215189328125064, 6.498910519604863], [3.214699585217716, 6.499722585828749], [3.214010727912807, 6.500504100284047], [3.213275923345236, 6.501285630927157], [3.213245782566844, 6.502449817704985], [3.214578880910665, 6.504011697282067], [3.214319219656318, 6.50566615936583], [3.214227717235417, 6.506585280886043], [3.213355212972772, 6.507719188389899], [3.212268370588902, 6.509052317310648], [3.210829404953131, 6.510722588576641], [3.210615101905489, 6.510998404352904], [3.209696489401495, 6.511780006941819], [3.2085329870078, 6.512959980418827], [3.208598415384586, 6.513042798086701], [3.208448922879541, 6.513219808947099], [3.208143069746939, 6.5143381536829], [3.207546677137486, 6.516574837758583], [3.207332858824429, 6.518045460429676], [3.207012226233303, 6.520481165373553], [3.206767804890319, 6.522028388699255], [3.206186324839052, 6.52331534462752], [3.205910636766532, 6.52331545794209], [3.204792438620188, 6.522994233597046], [3.204623988406411, 6.523055573655824], [3.203169315211767, 6.523913973850881], [3.200261504864613, 6.529536868931416], [3.200185398837107, 6.530731709101133], [3.199649774317663, 6.531850140171855], [3.201089740898851, 6.532446971650472], [3.201396128228794, 6.532600029967455], [3.200264197434819, 6.536307452726817], [3.200357583935386, 6.540045022559809], [3.201369062232459, 6.541515153301759], [3.201186285818494, 6.544073342310924], [3.198629080667615, 6.545774662670567], [3.199533872390361, 6.54856219139208], [3.200131982704875, 6.550461392279487], [3.200071082414581, 6.551380500309904], [3.199919463012861, 6.552726975169833], [3.199552824703119, 6.55516269090549], [3.198451797312657, 6.559697271412006], [3.197977571307945, 6.561229263819541], [3.197151282305867, 6.563358798170043], [3.196493176418983, 6.564722362846794], [3.195697335763498, 6.566407659985543], [3.195345252981099, 6.566959246572026], [3.193553864619219, 6.568874699108108], [3.192128901427679, 6.567711075305908], [3.191670106889944, 6.569610689881472], [3.191716773610267, 6.571479473898648], [3.192942638591944, 6.572689128600473], [3.193180003854138, 6.576250458292066], [3.193281587675187, 6.577774588826287], [3.200881788863512, 6.584343032005393], [3.204375038077615, 6.586241051183606], [3.205080611980691, 6.588553783730163], [3.210336203253235, 6.592166650870297], [3.211792481737689, 6.59466287209392], [3.218396374393194, 6.598688661152835], [3.223207103425125, 6.600448101099062], [3.224616983187275, 6.60176481559381], [3.225367909001875, 6.602484421618783], [3.227100961040549, 6.607033080112615], [3.22739983903142, 6.607817416640501], [3.22849561887773, 6.608913109252626], [3.231428881837473, 6.611676651256516], [3.232149174045219, 6.612350307320867], [3.232356082867, 6.612579979782311], [3.233536240705007, 6.613896774316743], [3.234578611613699, 6.615374469256381], [3.237830248067553, 6.619846251903027], [3.238031750165192, 6.64603783018174], [3.238106454149602, 6.655747965895955], [3.23804948029931, 6.656736000665944], [3.238061512328954, 6.657861864633389], [3.238407638901435, 6.660814232790642], [3.241476846978969, 6.663558484336647], [3.243234573716677, 6.664804012994864], [3.24428046457183, 6.665767388354311], [3.244904690299279, 6.666757859387758], [3.246715464447163, 6.66949163563055], [3.248607643428045, 6.67193760004028], [3.251615165207738, 6.675787319828999], [3.254099133168495, 6.678630361002433], [3.256104023282091, 6.681923241264599], [3.257043517144666, 6.683539078365811], [3.256810998328945, 6.684510106056621], [3.256666952118167, 6.685757977448759], [3.256220137449418, 6.688297152991254], [3.257221276240955, 6.691053854751658], [3.257358599120096, 6.692600617624464], [3.257394661034823, 6.693006797325893], [3.257746197029405, 6.696956686302087], [3.260409406169231, 6.699099787824991], [3.262813480158059, 6.700103745091837], [3.263052932746689, 6.700208927100334], [3.264546885630295, 6.700428319411458], [3.265772601324556, 6.700437230793625], [3.268865137815908, 6.699583490885459], [3.269726390660423, 6.698539486807931], [3.272455435569952, 6.698423097448028], [3.273976438262082, 6.697288074784865], [3.277270045176465, 6.694830275297022], [3.278332617556316, 6.694043206628749], [3.278413711223834, 6.693590448340558], [3.279689420230625, 6.692800425399355], [3.280395233353374, 6.691722686852586], [3.281691217575656, 6.68990689268901], [3.284995633441781, 6.687195963722786], [3.285225616169271, 6.68700728775616], [3.285464882598319, 6.686796528037405], [3.288403276190309, 6.685596289237424], [3.288623464401383, 6.685509996589133], [3.290150541114656, 6.685130938641976], [3.290796780447124, 6.684943870663176], [3.290911830716482, 6.684914922385815], [3.295135043447544, 6.683852285254829], [3.297724832834831, 6.683211205332896], [3.298108560062019, 6.68292998642977], [3.299630399123657, 6.681837663577369], [3.301226881915113, 6.680682106693894], [3.302172786145206, 6.680437399366554], [3.306930614356418, 6.679075956190502], [3.307393779599295, 6.678619961242248], [3.3082512157211, 6.67778843189069], [3.309709017657099, 6.676861837903573], [3.310465164036145, 6.676373105834216], [3.310689327250714, 6.676077653361062], [3.311231150797028, 6.675440211196815], [3.311824967748123, 6.674865138815164], [3.312409504594996, 6.674673876398344], [3.314590600675729, 6.674825183735265], [3.315540905288572, 6.67432942616216], [3.315961409391605, 6.674893257917574], [3.316602784291092, 6.67522029907758], [3.317225298608719, 6.675666171256864], [3.317582492238273, 6.675237895212717], [3.320425722269306, 6.674248053704787], [3.322166126265756, 6.673655269175356], [3.323676202195031, 6.673148924783106], [3.324849840847548, 6.672755614380151], [3.328053618080048, 6.671681132278479], [3.32807830177228, 6.671651784702135], [3.330314200739792, 6.671720055835976], [3.334295614551024, 6.671757582746295], [3.336438566786455, 6.671773357754319], [3.339357132125997, 6.671817312119288], [3.340862358910783, 6.671816274301648], [3.343597951784091, 6.673112559796834], [3.345033850731681, 6.672554372186596], [3.345193802352128, 6.67125033273669], [3.346535157371648, 6.666969981579427], [3.348117295976465, 6.66200015798097], [3.348417298119841, 6.661161793781787], [3.348762338311303, 6.66076600214933], [3.350930433792541, 6.659881689788222], [3.351639825317704, 6.659607465811973], [3.352630898896905, 6.659216776033418], [3.352998214396109, 6.658707196779744], [3.353350238722612, 6.658239752562565], [3.354048382426981, 6.657300231720342], [3.35207960818741, 6.655970486049114], [3.351940694407574, 6.654193449967806], [3.352456121952514, 6.653463436088771], [3.352703363569447, 6.652300889674393], [3.354374354293043, 6.652268651676991], [3.355402057259198, 6.65195624068798], [3.35808712711929, 6.651354560964251], [3.36038177340015, 6.650565403170845], [3.363685628988662, 6.649428232027333], [3.364113483250719, 6.64889788203169], [3.364591437844638, 6.648357876015211], [3.367760992276033, 6.644724577177556], [3.37055455724709, 6.641725955088816], [3.372670081059425, 6.64110208369425], [3.378430308911675, 6.639288194294807], [3.380790565232473, 6.640695619807047], [3.383931352150228, 6.641106776356708], [3.382229331218696, 6.639070829954903], [3.390778050067013, 6.639768780305019], [3.392538762553897, 6.638496015678641], [3.431207829877508, 6.640632217602786], [3.431462138367067, 6.640641187440906], [3.440269058870001, 6.640770992887042], [3.452062009154474, 6.640944811154156], [3.448072499646173, 6.65490662314221], [3.447675806893017, 6.661772916387008], [3.442074065665622, 6.66276098623058], [3.442467865299818, 6.66853713568031], [3.444150577786957, 6.671089694034208], [3.443471017673403, 6.673893769382005], [3.439770517895113, 6.675487673817145], [3.439240084262508, 6.682807433116579], [3.443198472731353, 6.68590903567349], [3.453939759412435, 6.67673890777445], [3.459019961302204, 6.673523020271205], [3.461350585860885, 6.683327682826359], [3.483216965590543, 6.683319830845562], [3.491505331605822, 6.683311628129161], [3.49477648874398, 6.68333611486986], [3.509187191036062, 6.683254408764014], [3.523961755430719, 6.683210189098986], [3.529810491860758, 6.683222855150689], [3.529879263017619, 6.683223002639522], [3.55249231117125, 6.683281757147427], [3.552690668339721, 6.683307510133545], [3.553418415027863, 6.683335411600012], [3.563146890616565, 6.683410541863054], [3.56734084660286, 6.683434446742353], [3.575910722901597, 6.68352023127369], [3.578946077799287, 6.683545390707252], [3.580114155943591, 6.683467430277744], [3.5804415478392, 6.683391082332605], [3.581077255211198, 6.683321403759805], [3.581781930691591, 6.68327462012769], [3.583888424411327, 6.683241491801482], [3.585374438979215, 6.683201435098226], [3.601445337432438, 6.683167319316397], [3.601491448371689, 6.68327273065205], [3.618326242662022, 6.683291122687194], [3.632107835907959, 6.683306179136878], [3.670958075255044, 6.682991509950284], [3.681562271981306, 6.682929079913151], [3.684938137185327, 6.683426985067342], [3.687522769859982, 6.682992592734024], [3.690421576194808, 6.682371700793396], [3.691189018958084, 6.68237196339544], [3.692374775975168, 6.682786340417351], [3.696285484187797, 6.684152984372759], [3.699014341138991, 6.684149117287973], [3.699150216109615, 6.678692261338824], [3.697083806972159, 6.673166724165014], [3.695045668922546, 6.670680594234113], [3.692505320664054, 6.668506284437512], [3.690606626094961, 6.663004403030811], [3.690962958174055, 6.661065347787599], [3.69079051766829, 6.657571400699624], [3.689952086919334, 6.657093917350437], [3.689606330867548, 6.656122740372211], [3.688361015348619, 6.655675314164455], [3.687343279568722, 6.653628080371675], [3.686495845706759, 6.650106346031066], [3.683955982182852, 6.641245138852128], [3.683762807807398, 6.640020042790809], [3.684090500076593, 6.63880685824995], [3.685847743878298, 6.638402356683457], [3.687282199414028, 6.637205643225911], [3.689461085860501, 6.634330678817832], [3.690836123188603, 6.631732532930073], [3.690087374632697, 6.630309093190135], [3.689981661124818, 6.628643514586599], [3.691027112211486, 6.628630573342321], [3.691612599641815, 6.628319587778776], [3.691842037380184, 6.628078026279923], [3.692610235573966, 6.626974130951453], [3.693163198123159, 6.628053206790128], [3.694104896224019, 6.627787672962768], [3.694770576201165, 6.627315743826557], [3.695871807737774, 6.626119477332054], [3.696812759401382, 6.625325502769783], [3.697076188815117, 6.624750746050154], [3.697190284004478, 6.624187685913], [3.697097536921831, 6.623590454236137], [3.69695832096977, 6.622625678632232], [3.698185685121302, 6.621268402015176], [3.698576017868959, 6.621072561149845], [3.698954004723589, 6.620267889151819], [3.699457653847674, 6.618957577829974], [3.699709750904333, 6.618497713099032], [3.699697664915334, 6.618072683607522], [3.699593848976974, 6.617774149157697], [3.699489807308794, 6.617314785349095], [3.699581197314444, 6.616947048967177], [3.69969523944377, 6.616349525909925], [3.69946447070879, 6.615637610887063], [3.699406075030367, 6.614959916866724], [3.699485929432171, 6.614557732853143], [3.69935907196367, 6.61421327901968], [3.699301017128278, 6.613776826339517], [3.699691554022024, 6.613730325993799], [3.700047270964831, 6.61343114493144], [3.700138287751827, 6.612799191329657], [3.699907843672122, 6.612317029707185], [3.700022208658027, 6.6119492609497], [3.699859854049066, 6.610869641920488], [3.700604891102898, 6.60966238121398], [3.698649238871326, 6.607769651848002], [3.696959210399314, 6.606864487805922], [3.70070277421371, 6.597577137774749], [3.694787237041396, 6.59283601177259], [3.689902134975569, 6.590832430172554], [3.687502916426524, 6.586527820702429], [3.683959174776135, 6.585288176308325], [3.682566963094928, 6.582274532843485], [3.678879407258876, 6.580843580167141], [3.675378416680644, 6.575774537065286], [3.669534980854735, 6.572814701837046], [3.664199574750626, 6.565402216139432], [3.662293367245127, 6.562150210064203], [3.657166098436733, 6.55765754426028], [3.650365903563625, 6.554842302930012], [3.641794191748602, 6.551502700189531], [3.635467687783603, 6.544665860641032], [3.634074262017634, 6.540359650377638], [3.63292474408172, 6.539690969362766], [3.628529151998805, 6.538714933347535], [3.626969267118056, 6.540570267104215], [3.625363423283432, 6.542425654820136], [3.619586775609264, 6.546657769940168], [3.618404683329516, 6.547520822328124], [3.612742314306388, 6.548102157588573], [3.607872488124883, 6.548648010097622], [3.605309047074911, 6.547123203273259], [3.600057510845488, 6.54546374365691], [3.598679680223086, 6.545970858768158], [3.597260640865954, 6.54652253528684], [3.592109993281611, 6.545973376869881], [3.588398987623236, 6.54863912659448], [3.585124556952792, 6.548106843955736], [3.576580369788303, 6.542857148638575], [3.572048474657436, 6.538193233031336], [3.571830970023314, 6.53774497405135], [3.568879482302293, 6.534914598030298], [3.567304922284393, 6.5307423777586], [3.56521240133128, 6.5255942446787], [3.561095168307418, 6.524507476938538], [3.560997039681695, 6.522343996778091], [3.55519235474344, 6.518712523564147], [3.543959932105224, 6.522601979897502], [3.542903419357344, 6.522832879933503], [3.541081561065255, 6.523462855926084], [3.537955043690374, 6.521428972569083], [3.5325754071294, 6.517697207859896], [3.530399529814474, 6.516642590882896], [3.524254908337412, 6.51355486666381], [3.518144772263497, 6.514158558170948], [3.514009997963058, 6.514484452695399], [3.512264173752669, 6.514593449628023], [3.507995420252485, 6.518764143750275], [3.49860712312028, 6.521908748290173], [3.496895431778796, 6.522482056201966], [3.495807356424393, 6.519310759783764], [3.493915410367947, 6.517828722917272], [3.489606363642793, 6.516181491382781], [3.480733687409781, 6.521886265239004], [3.474971330862274, 6.527085363798562], [3.471673546596946, 6.532066696920594], [3.467488910285056, 6.535612807385178], [3.46739638623427, 6.539059365597268], [3.466467257957618, 6.543583722610776], [3.468477553896037, 6.543629721134778], [3.471689817131391, 6.549418700312799], [3.472315399036461, 6.552984248724158], [3.470641640199574, 6.554565452933332], [3.470905117277368, 6.554804543095258], [3.470047127173245, 6.5586108229312], [3.470265121038551, 6.561386940155217], [3.471648563430506, 6.563919356393228], [3.47557987421186, 6.570636246165861], [3.475720479616484, 6.572123274269757], [3.476595346398142, 6.574006507694207], [3.478665001188915, 6.575934550738964], [3.482117474242102, 6.582272721608888], [3.487925712401761, 6.60096984728068], [3.482822754966207, 6.59881503658471], [3.481258383367731, 6.596794627769896], [3.47919162799127, 6.597991389790877], [3.482379816375499, 6.602173115896619], [3.482412463564401, 6.602215938015149], [3.48241147520946, 6.60230283680653], [3.481479668751774, 6.606386622244884], [3.480930826896213, 6.606711582373691], [3.479797612769687, 6.607049661812482], [3.477209629221079, 6.60786398083809], [3.47576802587372, 6.606088520368985], [3.475231177376997, 6.605338469594756], [3.474647893285692, 6.604082982743535], [3.473205321368539, 6.60126591668876], [3.467889977340633, 6.601255616753349], [3.465669273318383, 6.6016865898643], [3.464290825761054, 6.601871688327776], [3.46485697686802, 6.601212503254487], [3.466784774397865, 6.598790516569125], [3.46662940212525, 6.596447066778751], [3.465250056145237, 6.595651838561537], [3.464849366804856, 6.593048215802582], [3.464695177140754, 6.591960807745124], [3.461783980846064, 6.591059769792594], [3.455478709874626, 6.597207939095142], [3.450871064847831, 6.60056669199929], [3.444901935276164, 6.60604046059882], [3.441747236745641, 6.606992964054086], [3.441761982029902, 6.607057575846511], [3.441050254965319, 6.606402418836581], [3.440345321379539, 6.606066054404948], [3.438720920034484, 6.605301603686087], [3.435809814571314, 6.604553594372931], [3.433343329431182, 6.604249392395616], [3.432423617056315, 6.603530259414015], [3.431595683194246, 6.602657869365203], [3.43055273042421, 6.601127002009605], [3.430015449353562, 6.599794827269534], [3.430013704668795, 6.597772893204478], [3.429827712279121, 6.595245632779779], [3.42469448096557, 6.593197457396798], [3.418978817218715, 6.59067486535281], [3.412195308366847, 6.593407068681302], [3.410142995203103, 6.593745749766583], [3.406004451844012, 6.594716864691577], [3.405223501263606, 6.59503917271968], [3.404670875960221, 6.593584434773902], [3.404915203773669, 6.592649854807007], [3.405435375242405, 6.591868227037082], [3.405281725171506, 6.591286278439043], [3.405526285909389, 6.59064273437474], [3.406505912018247, 6.589768826270358], [3.406520943286978, 6.589416505167605], [3.406060800665443, 6.588666309602559], [3.405706403028148, 6.586093217028406], [3.405399105584308, 6.584929317134311], [3.40564360336964, 6.584209185005932], [3.407634062062357, 6.583196594247454], [3.40766048234542, 6.583100511579403], [3.418608658063192, 6.584726377920049], [3.418835726087934, 6.581509465189697], [3.418648812792526, 6.577802732210387], [3.414603751262177, 6.576259009945375], [3.412366717350153, 6.575403064899547], [3.409547384104542, 6.574241231647591], [3.409324506920484, 6.574329245598278], [3.406932496437605, 6.57428606375089], [3.406492055264209, 6.574200260333782], [3.405572529948358, 6.573597869246328], [3.404562490566548, 6.572740564425544], [3.404062358690965, 6.572235481782116], [3.404257267858668, 6.571758558710542], [3.404360158394638, 6.571138107437775], [3.404342629708651, 6.570770495162265], [3.404261759972314, 6.5702076319767], [3.40406030104208, 6.569685076405221], [3.403933740349885, 6.569443924097868], [3.403818607342885, 6.569128087591196], [3.403674814740953, 6.568886948773695], [3.403490834134743, 6.568668819110769], [3.403249441708397, 6.568485200032001], [3.403077031779617, 6.568370456431467], [3.402818486583953, 6.568284501028927], [3.402611659600439, 6.568227225905787], [3.402456547231907, 6.568192886192776], [3.401095494361641, 6.568509906207282], [3.399412762089355, 6.56880420305157], [3.399326538688854, 6.568723854022721], [3.397895231679627, 6.566657941311007], [3.397970745053897, 6.566607074756746], [3.397966867177217, 6.566545806643717], [3.39861760401925, 6.566246593205733], [3.399291350915178, 6.565993314439936], [3.399693273226035, 6.565805350736412], [3.401835109402839, 6.564539218610093], [3.402063938300159, 6.563384459425322], [3.402287196796749, 6.562447980989589], [3.402509567662491, 6.561599102816388], [3.402767702767335, 6.56117957177986], [3.403146508904285, 6.560823129084213], [3.403353227069829, 6.560748289302182], [3.403467715262877, 6.560265687011906], [3.403467368124609, 6.559834874879641], [3.403524580295198, 6.559553364596127], [3.403604785432549, 6.559294813105168], [3.403799717982622, 6.558852354752446], [3.404034932066509, 6.558501772039222], [3.404316284968615, 6.558386662414591], [3.404591824653039, 6.558185394140651], [3.404867277103222, 6.557874986841227], [3.404838418758061, 6.557702685730419], [3.404677360971505, 6.557415606844813], [3.404665744428598, 6.557254780183996], [3.404711453370908, 6.556956046984055], [3.404802969281661, 6.556479208448764], [3.404997817295452, 6.555933355040338], [3.405221470594427, 6.555496618174459], [3.405468127652, 6.555094327141546], [3.405835370306136, 6.554651730293187], [3.405938669134343, 6.554542506731366], [3.405886804332624, 6.554330014918321], [3.405886646051897, 6.554134713646192], [3.405926712647727, 6.55396235677739], [3.406064371873299, 6.553726734401323], [3.406351340142294, 6.553456526797333], [3.406966316342448, 6.552882091135643], [3.407287713357334, 6.552571645165358], [3.407448323281528, 6.552307284053938], [3.407570604100158, 6.551996999961602], [3.407639220573628, 6.551617828699875], [3.40764656803475, 6.551234879386243], [3.40756965261744, 6.55082519142951], [3.407420009026225, 6.550446198233487], [3.407300976558872, 6.550040373764261], [3.407266324781119, 6.549806806339063], [3.407472774948644, 6.549408376995075], [3.407759638896266, 6.549013711313762], [3.407981563698229, 6.548810570651369], [3.407989079332594, 6.548634409650333], [3.407973548040843, 6.548370190631829], [3.407965821065829, 6.548285950236448], [3.407793519955021, 6.548297577571191], [3.407586745132221, 6.548293916431135], [3.407418188798431, 6.548202146911592], [3.407253409617226, 6.548045272771162], [3.407207385912159, 6.547953404326222], [3.407195808939491, 6.54784235873791], [3.407241622203173, 6.547673826685809], [3.407295139059443, 6.547562729836159], [3.407471129189332, 6.547378774410959], [3.407612390199688, 6.546865514232138], [3.4075356960156, 6.54672771561161], [3.407447456335092, 6.54651716813288], [3.407305555906703, 6.546241563697265], [3.40720196839618, 6.545992733877597], [3.407121274926965, 6.545644320329188], [3.406948794851075, 6.545433840299552], [3.406902744166359, 6.545307506236497], [3.406887259639348, 6.545100727816362], [3.406875711444968, 6.54502414874554], [3.406391840211313, 6.543285973269121], [3.406180729756898, 6.542654285866661], [3.406134536979323, 6.542351797097808], [3.40609974760531, 6.541945904280112], [3.405946520215764, 6.541865609210561], [3.405797051093089, 6.541697235439131], [3.405609071201695, 6.541257000210464], [3.405493847363232, 6.540820535839089], [3.405463072562782, 6.540644407213676], [3.405432162864088, 6.54029978160969], [3.405443316256083, 6.539886193293228], [3.405454705270472, 6.539763640879357], [3.405416157629645, 6.539445828562179], [3.405469533292376, 6.539158577006788], [3.405503878401305, 6.539013030726835], [3.405541902636742, 6.538683668416638], [3.405660213847852, 6.538201063428403], [3.405866618149958, 6.537749021899913], [3.405969837837802, 6.537545978364278], [3.405808734185769, 6.537193799354384], [3.405712755839033, 6.536879862215926], [3.40567433320399, 6.536715226926219], [3.405639506957755, 6.536263379651302], [3.405574265639871, 6.536079620278315], [3.405551177344989, 6.535937949177082], [3.405570230381898, 6.535823049993837], [3.405677318953167, 6.535669785732068], [3.405715443013321, 6.535462965043848], [3.405726812242619, 6.535317436750347], [3.40567686479551, 6.535106857795313], [3.405569510924238, 6.534930790323756], [3.405465943198749, 6.534701107070475], [3.405389113217041, 6.534390983057449], [3.40538897741942, 6.534222487877571], [3.405442290129656, 6.533858648258047], [3.405388544845493, 6.53368636603301], [3.405150851330745, 6.533318930923997], [3.404821328941239, 6.533035817149312], [3.404541671261143, 6.532859887274014], [3.404235408937041, 6.532932892439078], [3.403779806992532, 6.532994529274163], [3.403205472054935, 6.533014137192708], [3.402742135940855, 6.532980042095289], [3.402183785553291, 6.533838284908995], [3.401208778362502, 6.535581460615958], [3.401033481609943, 6.536634698932232], [3.400621887989814, 6.539074384275466], [3.400565029252732, 6.539798194631032], [3.400520849157886, 6.540016507755695], [3.400435909989312, 6.540080115005367], [3.400234743338785, 6.540003428915156], [3.399935395002501, 6.539909679088453], [3.399762032691683, 6.539846698666281], [3.399818419284657, 6.539530086944012], [3.399989977555492, 6.538588545325183], [3.400267961597194, 6.537058141120383], [3.400162585335067, 6.536959296634279], [3.400100288397653, 6.536863609667876], [3.40009697889252, 6.536715222429621], [3.400087229342205, 6.536491845222542], [3.400130106319409, 6.536241302194412], [3.400230437384835, 6.536013050661779], [3.400329099308522, 6.535693851590054], [3.400368773799926, 6.535428949986112], [3.400381420066537, 6.535280549258005], [3.400355827159729, 6.535197597591093], [3.400358961297059, 6.535125793020995], [3.40037325062508, 6.535039619083193], [3.400408281017405, 6.534951832661022], [3.400478403855288, 6.534857636770596], [3.400454375768902, 6.534736390172327], [3.400463844730723, 6.534605543311216], [3.400502029045469, 6.534471482273148], [3.40059921877895, 6.534307058324146], [3.400736118077418, 6.533920812995177], [3.400995544608747, 6.533133973654003], [3.401089432031711, 6.53282913855395], [3.401227787332573, 6.53226897243519], [3.40131519783813, 6.531846068041659], [3.40142478292745, 6.531220504123041], [3.401478633432248, 6.530725823937701], [3.401488129373718, 6.530630080313983], [3.401117777763261, 6.530359122675407], [3.400871907612498, 6.530137529723277], [3.400482316805551, 6.529745320989832], [3.400373720071173, 6.52960818606897], [3.400382875169612, 6.529083224811018], [3.400358407314684, 6.528406708003217], [3.400335941350647, 6.528242379382334], [3.400351954679024, 6.528159374655445], [3.400335656265554, 6.527725384319069], [3.400245770825734, 6.527042537183377], [3.400260462150641, 6.526523847797364], [3.400245687188772, 6.526133042905656], [3.400366588447355, 6.525692560363439], [3.400417204090729, 6.525143632172956], [3.400250791740689, 6.524524670177414], [3.400173891611871, 6.524488199970506], [3.399848308252899, 6.523963336738632], [3.400320160946706, 6.523885985150116], [3.401887260188971, 6.519971748897149], [3.402865576884892, 6.51761202857233], [3.404640987891298, 6.516124781933172], [3.405084522732579, 6.515358537066902], [3.404250809827033, 6.507011005553522], [3.403759682863097, 6.505709386179262], [3.399539533222935, 6.494974952332257], [3.397867026242295, 6.490917046684388], [3.397116736248449, 6.4910861318196], [3.389893602807547, 6.492842442125038], [3.390436713283748, 6.492107916347322], [3.391568813150229, 6.490559942087714], [3.39306805404749, 6.488490873654939], [3.392868428834959, 6.487801725869019], [3.393358059326999, 6.487234587306432], [3.393449625599771, 6.486820935138098], [3.393250131688262, 6.486300283431376], [3.39329575519497, 6.485886666336626], [3.393785061031792, 6.484905944853494], [3.393739022038289, 6.484783438305101], [3.392967428903773, 6.48330727041423], [3.392680133281601, 6.483116019688623], [3.392029206682594, 6.483039934345527], [3.391377440116798, 6.48187245155242], [3.391396258430632, 6.481451197414856], [3.390993914337741, 6.481011118668221], [3.390630284260283, 6.481126283151468], [3.390687447867492, 6.480781588299692], [3.390150397922582, 6.479422541816916], [3.389767243563483, 6.479039891078173], [3.389870656605581, 6.478622527407765], [3.388905275757907, 6.477872694269479], [3.388169514311699, 6.476992480118895], [3.387871088679844, 6.477260771267652], [3.387748468816824, 6.477123004123371], [3.387794359422173, 6.477054037813616], [3.38799324719065, 6.476793482633184], [3.387870696575419, 6.476747622604762], [3.387748311435473, 6.476916213112816], [3.387633477003419, 6.476946935752551], [3.387664017980114, 6.476832029374691], [3.387518472599481, 6.476755551027907], [3.387395987634761, 6.476793938589424], [3.387304293658246, 6.477046754204366], [3.387189418756691, 6.477023863760337], [3.387135707646848, 6.476878385828911], [3.387166179375754, 6.476671572335249], [3.387012988858373, 6.47661041663747], [3.386798618361581, 6.476648875245417], [3.386653097262695, 6.476603032304126], [3.386675940042664, 6.476434518238477], [3.386568698586643, 6.476380987892298], [3.386515006362515, 6.476258485840503], [3.38621642334931, 6.476319984179952], [3.38613202017666, 6.476090281141637], [3.385794958770362, 6.475899063690861], [3.385656962299038, 6.475677059748534], [3.385526667621662, 6.475516321221278], [3.38525858691429, 6.475409300099159], [3.38515907872852, 6.475455329200145], [3.385052732997281, 6.475319224003044], [3.38483256816852, 6.475290669628748], [3.384631459074626, 6.475147216970527], [3.384334541605881, 6.474879379979427], [3.384267346960542, 6.474620941803096], [3.384362764130287, 6.474228349059103], [3.384649746788455, 6.474017511998625], [3.384678366813205, 6.473893032337628], [3.384725926560293, 6.473500475566539], [3.384840493893705, 6.473117442615944], [3.384935222182833, 6.471815353795591], [3.384829791961351, 6.47162396097707], [3.384647609999263, 6.471193283743105], [3.384676186856609, 6.471011362584363], [3.384819510012449, 6.470685750447046], [3.383976617726773, 6.469872625721166], [3.383957062868205, 6.469326942284624], [3.383688957879144, 6.469183539988421], [3.383832353880052, 6.468953663380887], [3.383382048043131, 6.468350863101875], [3.383113812652368, 6.468035133614592], [3.3825298064055, 6.467824953059164], [3.38225218119328, 6.467748571839195], [3.381974520008157, 6.467624323303937], [3.381802315124787, 6.467729763417879], [3.381304377594972, 6.467423778984255], [3.380969183181321, 6.467155968073541], [3.380767878035215, 6.46674445089576], [3.380911217378809, 6.46643798622415], [3.380681305697749, 6.466170096173073], [3.380413347298202, 6.466218164936436], [3.380193043074541, 6.465998135005975], [3.379361278100532, 6.466226934225688], [3.379079664395022, 6.466182673191838], [3.378518393908791, 6.467119924145209], [3.378037000307359, 6.468464424993272], [3.377762054175491, 6.469418166814989], [3.37607396014522, 6.46981002391351], [3.374150070169662, 6.46974251270683], [3.372323610046635, 6.469404945881593], [3.37203134387147, 6.470249557671025], [3.371297620288999, 6.472105473288991], [3.370517971926915, 6.473995885102056], [3.369610996650238, 6.474542244828797], [3.368893370033049, 6.474858698270339], [3.367716288775739, 6.47514676101423], [3.366877847234889, 6.47517034483559], [3.365557375372646, 6.475711252872088], [3.364495326398242, 6.476246227181662], [3.364460226758126, 6.476264005879216], [3.366272328305342, 6.480551709893518], [3.366348969429453, 6.480647390564684], [3.368290469029944, 6.481182112164788], [3.36866170017737, 6.481417290275772], [3.36906402268653, 6.481853556796239], [3.369098765295803, 6.482244137756823], [3.368134699257041, 6.483278795180297], [3.366252225759638, 6.484968954054011], [3.365249721797284, 6.485896960876119], [3.364454329004104, 6.487245506874672], [3.364209481382488, 6.48750608723617], [3.363625893320375, 6.489095345773649], [3.363292387833496, 6.490003560316097], [3.365345008565328, 6.490614798933848], [3.366895052164978, 6.495101816095996], [3.367600150326723, 6.4959437883752], [3.368030637803713, 6.49824115600461], [3.367327203387788, 6.499696864318878], [3.367175307894172, 6.501427892882987], [3.367988713208604, 6.503770936179819], [3.368709632243792, 6.505286879286075], [3.369145226970716, 6.505637175115567], [3.37206335973633, 6.506423904739449], [3.37171937534896, 6.507251323290006], [3.371124496298535, 6.508629310394383], [3.370883861101333, 6.509422185985159], [3.370441155435003, 6.510519046816626], [3.369450642133472, 6.512973149191509], [3.367936905963461, 6.516397796321314], [3.367580777131195, 6.516340612929014], [3.367350986858582, 6.516263425017087], [3.367075279000971, 6.516225330634541], [3.366707717087536, 6.516240915885589], [3.36631727012599, 6.516379059845804], [3.366003450798644, 6.516586079284195], [3.365850378092546, 6.516701073795559], [3.365597904219953, 6.517022932162661], [3.365475556851493, 6.517268106238134], [3.365434124185526, 6.517285980263807]]]]}}]}